<avatar>
  <animation name="AWAY" uuid="fd037134-85d4-f241-72c6-4f42164fedee" ogrename="Stand" looped="true" fadein="0.25" fadeout="0.25" />
  <animation name="CROUCHWALK" uuid="47f5f6fb-22e5-ae44-f871-73aaaf4a6022" ogrename="Crouch" looped="true" speedfactor="1.4" usevelocity="true" fadein="0.25" fadeout="0.25" />
  <animation name="FLY" uuid="aec4610c-757f-bc4e-c092-c6e9caf18daf" ogrename="Fly" looped="true" speedfactor="1.1" fadein="0.25" fadeout="0.25" />
  <animation name="HOVER" uuid="4ae8016b-31b9-03bb-c401-b1ea941db41d" ogrename="Hover" speedfactor="0.35" looped="true" fadein="0.25" fadeout="0.25" />
  <animation name="HOVER_DOWN" uuid="20f063ea-8306-2562-0b07-5c853b37b31e" ogrename="Hover" speedfactor="0.35" looped="true" fadein="0.25" fadeout="0.25" />
  <animation name="HOVER_UP" uuid="62c5de58-cb33-5743-3d07-9e4cd4352864" ogrename="Hover" speedfactor="0.35" looped="true" fadein="0.25" fadeout="0.25" />
  <animation name="RUN" uuid="05ddbff8-aaa9-92a1-2b74-8fe77a29b445" ogrename="Run" looped="true" speedfactor="0.6" usevelocity="true" fadein="0.25" fadeout="0.25" />
  <animation name="SIT" uuid="1a5fe8ac-a804-8a5d-7cbd-56bd83184568" ogrename="SitOnObject" looped="false" fadein="0.4" fadeout="0.5" />
  <animation name="SIT_FEMALE" uuid="b1709c8d-ecd3-54a1-4f28-d55ac0840782" ogrename="SitOnObject" looped="false" fadein="0.4" fadeout="0.5" />
  <animation name="SIT_GENERIC" uuid="245f3c54-f1c0-bf2e-811f-46d8eeb386e7" ogrename="SitOnObject" looped="false" fadein="0.4" fadeout="0.5" />
  <animation name="SIT_GROUND" uuid="1c7600d6-661f-b87b-efe2-d7421eb93c86" ogrename="SitOnGround1" looped="false" fadein="0.4" fadeout="0.5" />
  <animation name="SIT_GROUND_CONSTRAINED" uuid="1a2bd58e-87ff-0df8-0b4c-53e047b0bb6e" ogrename="SitOnGround1" looped="false" fadein="0.4" fadeout="0.5" />
  <animation name="SIT_TO_STAND" uuid="a8dee56f-2eae-9e7a-05a2-6fb92b97e21e" ogrename="SitOnGround1" looped="false" fadein="0.4" fadeout="0.5" />
  <animation name="STAND" uuid="2408fe9e-df1d-1d7d-f4ff-1384fa7b350f" ogrename="Stand" looped="true" fadein="0.25" fadeout="0.25" />
  <animation name="STAND_1" uuid="15468e00-3400-bb66-cecc-646d7c14458e" ogrename="Stand" looped="true" fadein="0.25" fadeout="0.25" />
  <animation name="STAND_2" uuid="370f3a20-6ca6-9971-848c-9a01bc42ae3c" ogrename="Stand" looped="true" fadein="0.25" fadeout="0.25" />
  <animation name="STAND_3" uuid="42b46214-4b44-79ae-deb8-0df61424ff4b" ogrename="Stand" looped="true" fadein="0.25" fadeout="0.25" />
  <animation name="STAND_4" uuid="f22fed8b-a5ed-2c93-64d5-bdd8b93c889f" ogrename="Stand" looped="true" fadein="0.25" fadeout="0.25" />
  <animation name="WALK" uuid="6ed24bd8-91aa-4b12-ccc7-c97c857ab4e0" ogrename="Walk" looped="true" speedfactor="1.0" usevelocity="true" fadein="0.25" fadeout="0.25" />

  <master_modifier name="Body mass" position="0.5" category="Body">
	<target_modifier name="thin-legs-lower" type="morph">
	  <position_mapping master="0" target="1" />
	  <position_mapping master="0.5" target="0" />
	</target_modifier>
	<target_modifier name="thin-legs-upper" type="morph">
	  <position_mapping master="0" target="1" />
	  <position_mapping master="0.5" target="0" />
	</target_modifier>
	<target_modifier name="thin-arms-lower" type="morph">
	  <position_mapping master="0" target="1" />
	  <position_mapping master="0.5" target="0" />
	</target_modifier>
	<target_modifier name="thin-arms-upper" type="morph">
	  <position_mapping master="0" target="1" />
	  <position_mapping master="0.5" target="0" />
	</target_modifier>
	<target_modifier name="thin-body-lower" type="morph">
	  <position_mapping master="0" target="1" />
	  <position_mapping master="0.5" target="0" />
	</target_modifier>
	<target_modifier name="thin-body-upper" type="morph">
	  <position_mapping master="0" target="1" />
	  <position_mapping master="0.5" target="0" />
	</target_modifier>

	<target_modifier name="fat-arms-lower" type="morph">
	  <position_mapping master="0.5" target="0" />
	  <position_mapping master="1" target="1" />
	</target_modifier>
	<target_modifier name="fat-arms-upper" type="morph">
	  <position_mapping master="0.5" target="0" />
	  <position_mapping master="1" target="1" />
	</target_modifier>
	<target_modifier name="fat-legs-lower" type="morph">
	  <position_mapping master="0.5" target="0" />
	  <position_mapping master="1" target="1" />
	</target_modifier>
	<target_modifier name="fat-legs-upper" type="morph">
	  <position_mapping master="0.5" target="0" />
	  <position_mapping master="1" target="1" />
	</target_modifier>
	<target_modifier name="fat-body-lower" type="morph">
	  <position_mapping master="0.5" target="0" />
	  <position_mapping master="1" target="0.8" />
	</target_modifier>
	<target_modifier name="fat-body-upper" type="morph">
	  <position_mapping master="0.5" target="0" />
	  <position_mapping master="1" target="1" />
	</target_modifier>

    <target_modifier name="Widen_Clavicles" type="bone" mode="cumulative">
	  <position_mapping master="0.5" target="0" />
	  <position_mapping master="1" target="0.8" />
	</target_modifier>
  </master_modifier>

  <master_modifier name="Body muscles" position="0.0" category="Body">
    <target_modifier name="muscular-arms-lower" type="morph" />
    <target_modifier name="muscular-arms-upper" type="morph" />
    <target_modifier name="muscular-legs-lower" type="morph" />
    <target_modifier name="muscular-legs-upper" type="morph" />
    <target_modifier name="muscular-body-lower" type="morph" />
    <target_modifier name="muscular-body-upper" type="morph" />

    <target_modifier name="Widen_Clavicles" type="bone" mode="cumulative">
	  <position_mapping master="0.3" target="0" />
	  <position_mapping master="1" target="0.5" />
	</target_modifier>
  </master_modifier>
  
  <master_modifier name="Height" position="0.5" category="Body">
    <target_modifier name="Height_Adjust" type="bone" />
  </master_modifier>

  <dynamic_animation_parameter name="Height_Adjust" position="0.0" />
  <dynamic_animation name="Height_Adjust">
    <base_animations />
      <bones>
        <bone name="Bip01_Pelvis">
          <rotation start="0 0 0" end="0 0 0" />
          <translation start="0 0 0" end="0 0 0" />
          <scale start="0.93 0.93 0.93" end="1.07 1.07 1.07" />
        </bone>
        <bone name="Bip01_Spine1">
          <rotation start="0 0 0" end="0 0 0" />
          <translation start="0 0 0" end="0 0 0" />
          <scale start="0.97 0.97 0.97" end="1.03 1.03 1.03" />
        </bone>
        <bone name="Bip01_L_Thigh">
          <rotation start="0 0 0" end="0 0 0" />
          <translation start="0 0 0" end="0 0 0" />
          <scale start="0.93 0.93 0.93" end="1.07 1.07 1.07" />
        </bone>
        <bone name="Bip01_R_Thigh">
          <rotation start="0 0 0" end="0 0 0" />
          <translation start="0 0 0" end="0 0 0" />
          <scale start="0.93 0.93 0.93" end="1.07 1.07 1.07" />
        </bone>
      </bones>
  </dynamic_animation>

  <dynamic_animation_parameter name="Widen_Clavicles" position="0.0" />
  <dynamic_animation name="Widen_Clavicles">
    <base_animations />
      <bones>
        <bone name="Bip01_L_Clavicle">
          <rotation start="0 0 0" end="0 0 0" />
          <translation start="0 0 0" end="0 0 0.05" mode="relative" />
          <scale start="1 1 1" end="1 1 1" />
        </bone>
        <bone name="Bip01_R_Clavicle">
          <rotation start="0 0 0" end="0 0 0" />
          <translation start="0 0 0" end="0 0 -0.05" mode="relative" />
          <scale start="1 1 1" end="1 1 1" />
        </bone>
      </bones>
  </dynamic_animation>

  <master_modifier name="Spine back/forward" position="0.5" category="Posture">
    <target_modifier name="Spine_Posture" type="bone" />
  </master_modifier>

  <master_modifier name="Leg twist" position="0.0" category="Posture">
    <target_modifier name="Leg_Twist" type="bone" />
  </master_modifier>
  
  <master_modifier name="Arms twist" position="0.0" category="Posture">
    <target_modifier name="Arm_Twist" type="bone" />
  </master_modifier>

  <dynamic_animation_parameter name="Spine_Posture" position="0.5" />
  <dynamic_animation name="Spine_Posture">
    <base_animations />
      <bones>
        <bone name="Bip01_Spine1">
          <rotation start="0 0 -20" end="0 0 20" mode="relative" />
          <translation start="0 0 0" end="0 0 0" mode="absolute" />
          <scale start="1 1 1" end="1 1 1" />
        </bone>
        <bone name="Bip01_Head">
          <rotation start="0 0 15" end="0 0 -15" mode="relative" />
          <translation start="0 0 0" end="0 0 0" mode="absolute" />
          <scale start="1 1 1" end="1 1 1" />
        </bone>
        <bone name="Bip01_R_UpperArm">
          <rotation start="0 0 20" end="0 0 -20" mode="relative" />
          <translation start="0 0 0" end="0 0 0" mode="absolute" />
          <scale start="1 1 1" end="1 1 1" />
        </bone>
        <bone name="Bip01_L_UpperArm">
          <rotation start="0 0 20" end="0 0 -20" mode="relative" />
          <translation start="0 0 0" end="0 0 0" mode="absolute" />
          <scale start="1 1 1" end="1 1 1" />
        </bone>
      </bones>
  </dynamic_animation>

  <dynamic_animation_parameter name="Leg_Twist" position="0.0" />
  <dynamic_animation name="Leg_Twist">
    <base_animations />
      <bones>
        <bone name="Bip01_L_Thigh">
          <rotation start="0 0 0" end="0 -10 0" mode="relative" />
          <translation start="0 0 0" end="0 0 0" mode="absolute" />
          <scale start="1 1 1" end="1 1 1" />
        </bone>
        <bone name="Bip01_L_Calf">
          <rotation start="0 0 0" end="0 -20 0" mode="relative" />
          <translation start="0 0 0" end="0 0 0" mode="absolute" />
          <scale start="1 1 1" end="1 1 1" />
        </bone>
        <bone name="Bip01_R_Thigh">
          <rotation start="0 0 0" end="0 10 0" mode="relative" />
          <translation start="0 0 0" end="0 0 0" mode="absolute" />
          <scale start="1 1 1" end="1 1 1" />
        </bone>
        <bone name="Bip01_R_Calf">
          <rotation start="0 0 0" end="0 20 0" mode="relative" />
          <translation start="0 0 0" end="0 0 0" mode="absolute" />
          <scale start="1 1 1" end="1 1 1" />
        </bone>
      </bones>
  </dynamic_animation>
  
  <dynamic_animation_parameter name="Arm_Twist" position="0.0" />
  <dynamic_animation name="Arm_Twist">
    <base_animations />
      <bones>
        <bone name="Bip01_L_UpperArm">
          <rotation start="0 0 0" end="0 -20 0" mode="cumulative" />
          <translation start="0 0 0" end="0 0 0" mode="absolute" />
          <scale start="1 1 1" end="1 1 1" />
        </bone>
        <bone name="Bip01_L_Forearm">
          <rotation start="0 0 0" end="0 10 0" mode="relative" />
          <translation start="0 0 0" end="0 0 0" mode="absolute" />
          <scale start="1 1 1" end="1 1 1" />
        </bone>
        <bone name="Bip01_R_UpperArm">
          <rotation start="0 0 0" end="0 20 0" mode="cumulative" />
          <translation start="0 0 0" end="0 0 0" mode="absolute" />
          <scale start="1 1 1" end="1 1 1" />
        </bone>
        <bone name="Bip01_R_Forearm">
          <rotation start="0 0 0" end="0 -10 0" mode="relative" />
          <translation start="0 0 0" end="0 0 0" mode="absolute" />
          <scale start="1 1 1" end="1 1 1" />
        </bone>
      </bones>
  </dynamic_animation>

  <property name="basebone" value="Bip01_R_Toe0" />
  <property name="baseoffset" value="0 -0.03 0" />
  <property name="rootbone" value="Bip01" />
  <property name="basemesh" value="Jack.mesh" />

  <property name="headbone" value="Bip01_Head" />
  <property name="neckbone" value="Bip01_Spine2" />
  <property name="torsobone" value="Bip01_Spine1" />

  <property name="attach_Chest" value="Bip01_Spine1" />
  <property name="attach_Skull" value="Bip01_Head" />
  <property name="attach_Left Shoulder" value="Bip01_L_Clavicle" />
  <property name="attach_Right Shoulder" value="Bip01_R_Clavicle" />
  <property name="attach_Left Hand" value="Bip01_L_Hand" />
  <property name="attach_Right Hand" value="Bip01_R_Hand" />
  <property name="attach_Left Foot" value="Bip01_L_Foot" />
  <property name="attach_Right Foot" value="Bip01_R_Foot" />
  <property name="attach_Spine" value="Bip01_Spine" />
  <property name="attach_Pelvis" value="Bip01_Pelvis" />
  <property name="attach_Mouth" value="Bip01_Head" />
  <property name="attach_Chin" value="Bip01_Head" />
  <property name="attach_Left Ear" value="Bip01_Head" />
  <property name="attach_Right Ear" value="Bip01_Head" />
  <property name="attach_Left Eyeball" value="Bip01_Head" />
  <property name="attach_Right Eyeball" value="Bip01_Head" />
  <property name="attach_Nose" value="Bip01_Head" />
  <property name="attach_R Upper Arm" value="Bip01_R_UpperArm" />
  <property name="attach_R Forearm" value="Bip01_R_Forearm" />
  <property name="attach_L Upper Arm" value="Bip01_L_UpperArm" />
  <property name="attach_L Forearm" value="Bip01_L_Forearm" />
  <property name="attach_Right Hip" value="Bip01_R_Thigh" />
  <property name="attach_R Upper Leg" value="Bip01_R_Thigh" />
  <property name="attach_R Lower Leg" value="Bip01_R_Calf" />
  <property name="attach_Left Hip" value="Bip01_L_Thigh" />
  <property name="attach_L Upper Leg" value="Bip01_L_Thigh" />
  <property name="attach_L Lower Leg" value="Bip01_L_Calf" />
  <property name="attach_Stomach" value="Bip01_Pelvis" />
  <property name="attach_Left Pec" value="Bip01_Spine1" />
  <property name="attach_Right Pec" value="Bip01_Spine1" />
</avatar>