<avatar>
  <animation name="AWAY" uuid="fd037134-85d4-f241-72c6-4f42164fedee" ogrename="Stand" looped="true" fadein="0.25" fadeout="0.25" />
  <animation name="CROUCHWALK" uuid="47f5f6fb-22e5-ae44-f871-73aaaf4a6022" ogrename="Crouch" looped="true" speedfactor="1.4" usevelocity="true" fadein="0.25" fadeout="0.25" />
  <animation name="FLY" uuid="aec4610c-757f-bc4e-c092-c6e9caf18daf" ogrename="Fly" looped="true" speedfactor="1.1" fadein="0.25" fadeout="0.25" />
  <animation name="HOVER" uuid="4ae8016b-31b9-03bb-c401-b1ea941db41d" ogrename="Hover" speedfactor="0.35" looped="true" fadein="0.25" fadeout="0.25" />
  <animation name="HOVER_DOWN" uuid="20f063ea-8306-2562-0b07-5c853b37b31e" ogrename="Hover" speedfactor="0.35" looped="true" fadein="0.25" fadeout="0.25" />
  <animation name="HOVER_UP" uuid="62c5de58-cb33-5743-3d07-9e4cd4352864" ogrename="Hover" speedfactor="0.35" looped="true" fadein="0.25" fadeout="0.25" />
  <animation name="RUN" uuid="05ddbff8-aaa9-92a1-2b74-8fe77a29b445" ogrename="Run" looped="true" speedfactor="0.6" usevelocity="true" fadein="0.25" fadeout="0.25" />
  <animation name="SIT" uuid="1a5fe8ac-a804-8a5d-7cbd-56bd83184568" ogrename="SitOnObject2" looped="false" fadein="0.4" fadeout="0.5" />
  <animation name="SIT_FEMALE" uuid="b1709c8d-ecd3-54a1-4f28-d55ac0840782" ogrename="SitOnObject2" looped="false" fadein="0.4" fadeout="0.5" />
  <animation name="SIT_GENERIC" uuid="245f3c54-f1c0-bf2e-811f-46d8eeb386e7" ogrename="SitOnObject2" looped="false" fadein="0.4" fadeout="0.5" />
  <animation name="SIT_GROUND" uuid="1c7600d6-661f-b87b-efe2-d7421eb93c86" ogrename="SitOnGround3" looped="false" fadein="0.4" fadeout="0.5" />
  <animation name="SIT_GROUND_CONSTRAINED" uuid="1a2bd58e-87ff-0df8-0b4c-53e047b0bb6e" ogrename="SitOnGround3" looped="false" fadein="0.4" fadeout="0.5" />
  <animation name="SIT_TO_STAND" uuid="a8dee56f-2eae-9e7a-05a2-6fb92b97e21e" ogrename="SitOnGround3" looped="false" fadein="0.4" fadeout="0.5" />
  <animation name="STAND" uuid="2408fe9e-df1d-1d7d-f4ff-1384fa7b350f" ogrename="Stand" looped="true" fadein="0.25" fadeout="0.25" />
  <animation name="STAND_1" uuid="15468e00-3400-bb66-cecc-646d7c14458e" ogrename="Stand" looped="true" fadein="0.25" fadeout="0.25" />
  <animation name="STAND_2" uuid="370f3a20-6ca6-9971-848c-9a01bc42ae3c" ogrename="Stand" looped="true" fadein="0.25" fadeout="0.25" />
  <animation name="STAND_3" uuid="42b46214-4b44-79ae-deb8-0df61424ff4b" ogrename="Stand" looped="true" fadein="0.25" fadeout="0.25" />
  <animation name="STAND_4" uuid="f22fed8b-a5ed-2c93-64d5-bdd8b93c889f" ogrename="Stand" looped="true" fadein="0.25" fadeout="0.25" />
  <animation name="WALK" uuid="6ed24bd8-91aa-4b12-ccc7-c97c857ab4e0" ogrename="Walk" looped="true" speedfactor="1.0" usevelocity="true" fadein="0.25" fadeout="0.25" />

  <master_modifier name="Body mass" position="0.5" category="Body">
	<target_modifier name="thin-legs-lower" type="morph">
	  <position_mapping master="0" target="1" />
	  <position_mapping master="0.5" target="0" />
	</target_modifier>
	<target_modifier name="thin-legs-upper" type="morph">
	  <position_mapping master="0" target="1" />
	  <position_mapping master="0.5" target="0" />
	</target_modifier>
	<target_modifier name="thin-arms-lower" type="morph">
	  <position_mapping master="0" target="1" />
	  <position_mapping master="0.5" target="0" />
	</target_modifier>
	<target_modifier name="thin-arms-upper" type="morph">
	  <position_mapping master="0" target="1" />
	  <position_mapping master="0.5" target="0" />
	</target_modifier>
	<target_modifier name="thin-body-lower" type="morph">
	  <position_mapping master="0" target="1" />
	  <position_mapping master="0.5" target="0" />
	</target_modifier>
	<target_modifier name="thin-body-upper" type="morph">
	  <position_mapping master="0" target="1" />
	  <position_mapping master="0.5" target="0" />
	</target_modifier>

	<target_modifier name="fat-arms-lower" type="morph">
	  <position_mapping master="0.5" target="0" />
	  <position_mapping master="1" target="1" />
	</target_modifier>
	<target_modifier name="fat-arms-upper" type="morph">
	  <position_mapping master="0.5" target="0" />
	  <position_mapping master="1" target="1" />
	</target_modifier>
	<target_modifier name="fat-legs-lower" type="morph">
	  <position_mapping master="0.5" target="0" />
	  <position_mapping master="1" target="1" />
	</target_modifier>
	<target_modifier name="fat-legs-upper" type="morph">
	  <position_mapping master="0.5" target="0" />
	  <position_mapping master="1" target="1" />
	</target_modifier>
	<target_modifier name="fat-body-lower" type="morph">
	  <position_mapping master="0.5" target="0" />
	  <position_mapping master="1" target="1" />
	</target_modifier>
	<target_modifier name="fat-body-upper" type="morph">
	  <position_mapping master="0.5" target="0" />
	  <position_mapping master="1" target="1" />
	</target_modifier>

    <target_modifier name="Widen_Clavicles" type="bone" mode="cumulative">
	  <position_mapping master="0.5" target="0" />
	  <position_mapping master="1" target="0.8" />
	</target_modifier>
  </master_modifier>

  <master_modifier name="Body muscles" position="0.0" category="Body">
    <target_modifier name="muscular-arms-lower" type="morph" />
    <target_modifier name="muscular-arms-upper" type="morph" />
    <target_modifier name="muscular-legs-lower" type="morph" />
    <target_modifier name="muscular-legs-upper" type="morph" />
    <target_modifier name="muscular-body-lower" type="morph" />
    <target_modifier name="muscular-body-upper" type="morph" />

    <target_modifier name="Widen_Clavicles" type="bone" mode="cumulative">
	  <position_mapping master="0.3" target="0" />
	  <position_mapping master="1" target="0.5" />
	</target_modifier>
  </master_modifier>
  
  <master_modifier name="Breast size" position="0.5" category="Body">
	<target_modifier name="shape-breasts-small" type="morph">
	  <position_mapping master="0" target="1" />
	  <position_mapping master="0.5" target="0" />
	</target_modifier>
	<target_modifier name="shape-breasts-large" type="morph">
	  <position_mapping master="0.5" target="0" />
	  <position_mapping master="1" target="1" />
	</target_modifier>
  </master_modifier>

  <master_modifier name="Hip width" position="0.5" category="Body">
	<target_modifier name="shape-hip-narrow" type="morph">
	  <position_mapping master="0" target="1" />
	  <position_mapping master="0.5" target="0" />
	</target_modifier>
	<target_modifier name="shape-hip-wide" type="morph">
	  <position_mapping master="0.5" target="0" />
	  <position_mapping master="1" target="1" />
	</target_modifier>
  </master_modifier>
  
  <master_modifier name="Pear shape" position="0.0" category="Body">
	<target_modifier name="shape-body-pear" type="morph" />
  </master_modifier>

  <master_modifier name="Height" position="0.5" category="Body">
    <target_modifier name="Height_Adjust" type="bone" />
  </master_modifier>

  <dynamic_animation_parameter name="Height_Adjust" position="0.0" />
  <dynamic_animation name="Height_Adjust">
    <base_animations />
      <bones>
        <bone name="Bip01_Pelvis">
          <rotation start="0 0 0" end="0 0 0" />
          <translation start="0 0 0" end="0 0 0" />
          <scale start="0.93 0.93 0.93" end="1.07 1.07 1.07" />
        </bone>
        <bone name="Bip01_Spine1">
          <rotation start="0 0 0" end="0 0 0" />
          <translation start="0 0 0" end="0 0 0" />
          <scale start="0.97 0.97 0.97" end="1.03 1.03 1.03" />
        </bone>
        <bone name="Bip01_L_Thigh">
          <rotation start="0 0 0" end="0 0 0" />
          <translation start="0 0 0" end="0 0 0" />
          <scale start="0.93 0.93 0.93" end="1.07 1.07 1.07" />
        </bone>
        <bone name="Bip01_R_Thigh">
          <rotation start="0 0 0" end="0 0 0" />
          <translation start="0 0 0" end="0 0 0" />
          <scale start="0.93 0.93 0.93" end="1.07 1.07 1.07" />
        </bone>
      </bones>
  </dynamic_animation>

  <dynamic_animation_parameter name="Widen_Clavicles" position="0.0" />
  <dynamic_animation name="Widen_Clavicles">
    <base_animations />
      <bones>
        <bone name="Bip01_L_Clavicle">
          <rotation start="0 0 0" end="0 0 0" />
          <translation start="0 0 0" end="0 0 0.05" mode="relative" />
          <scale start="1 1 1" end="1 1 1" />
        </bone>
        <bone name="Bip01_R_Clavicle">
          <rotation start="0 0 0" end="0 0 0" />
          <translation start="0 0 0" end="0 0 -0.05" mode="relative" />
          <scale start="1 1 1" end="1 1 1" />
        </bone>
      </bones>
  </dynamic_animation>

  <master_modifier name="Spine back/forward" position="0.5" category="Posture">
    <target_modifier name="Spine_Posture" type="bone" />
  </master_modifier>

  <master_modifier name="Leg twist" position="0.0" category="Posture">
    <target_modifier name="Leg_Twist" type="bone" />
  </master_modifier>
  
  <master_modifier name="Arms twist" position="0.0" category="Posture">
    <target_modifier name="Arm_Twist" type="bone" />
  </master_modifier>

  <dynamic_animation_parameter name="Spine_Posture" position="0.5" />
  <dynamic_animation name="Spine_Posture">
    <base_animations />
      <bones>
        <bone name="Bip01_Spine1">
          <rotation start="0 0 -20" end="0 0 20" mode="relative" />
          <translation start="0 0 0" end="0 0 0" mode="absolute" />
          <scale start="1 1 1" end="1 1 1" />
        </bone>
        <bone name="Bip01_Head">
          <rotation start="0 0 15" end="0 0 -15" mode="relative" />
          <translation start="0 0 0" end="0 0 0" mode="absolute" />
          <scale start="1 1 1" end="1 1 1" />
        </bone>
        <bone name="Bip01_R_UpperArm">
          <rotation start="0 0 20" end="0 0 -20" mode="relative" />
          <translation start="0 0 0" end="0 0 0" mode="absolute" />
          <scale start="1 1 1" end="1 1 1" />
        </bone>
        <bone name="Bip01_L_UpperArm">
          <rotation start="0 0 20" end="0 0 -20" mode="relative" />
          <translation start="0 0 0" end="0 0 0" mode="absolute" />
          <scale start="1 1 1" end="1 1 1" />
        </bone>
      </bones>
  </dynamic_animation>

  <dynamic_animation_parameter name="Leg_Twist" position="0.0" />
  <dynamic_animation name="Leg_Twist">
    <base_animations />
      <bones>
        <bone name="Bip01_L_Thigh">
          <rotation start="0 0 0" end="0 -10 0" mode="relative" />
          <translation start="0 0 0" end="0 0 0" mode="absolute" />
          <scale start="1 1 1" end="1 1 1" />
        </bone>
        <bone name="Bip01_L_Calf">
          <rotation start="0 0 0" end="0 -20 0" mode="relative" />
          <translation start="0 0 0" end="0 0 0" mode="absolute" />
          <scale start="1 1 1" end="1 1 1" />
        </bone>
        <bone name="Bip01_R_Thigh">
          <rotation start="0 0 0" end="0 10 0" mode="relative" />
          <translation start="0 0 0" end="0 0 0" mode="absolute" />
          <scale start="1 1 1" end="1 1 1" />
        </bone>
        <bone name="Bip01_R_Calf">
          <rotation start="0 0 0" end="0 20 0" mode="relative" />
          <translation start="0 0 0" end="0 0 0" mode="absolute" />
          <scale start="1 1 1" end="1 1 1" />
        </bone>
      </bones>
  </dynamic_animation>
  
  <dynamic_animation_parameter name="Arm_Twist" position="0.0" />
  <dynamic_animation name="Arm_Twist">
    <base_animations />
      <bones>
        <bone name="Bip01_L_UpperArm">
          <rotation start="0 0 0" end="0 -20 0" mode="cumulative" />
          <translation start="0 0 0" end="0 0 0" mode="absolute" />
          <scale start="1 1 1" end="1 1 1" />
        </bone>
        <bone name="Bip01_L_Forearm">
          <rotation start="0 0 0" end="0 10 0" mode="relative" />
          <translation start="0 0 0" end="0 0 0" mode="absolute" />
          <scale start="1 1 1" end="1 1 1" />
        </bone>
        <bone name="Bip01_R_UpperArm">
          <rotation start="0 0 0" end="0 20 0" mode="cumulative" />
          <translation start="0 0 0" end="0 0 0" mode="absolute" />
          <scale start="1 1 1" end="1 1 1" />
        </bone>
        <bone name="Bip01_R_Forearm">
          <rotation start="0 0 0" end="0 -10 0" mode="relative" />
          <translation start="0 0 0" end="0 0 0" mode="absolute" />
          <scale start="1 1 1" end="1 1 1" />
        </bone>
      </bones>
  </dynamic_animation>

	<bone_constraint bone="Cheek_R01" target="Point26" type="position" />
	<bone_constraint bone="Cheek_R01" target="Point27" type="lookat" />
	<bone_constraint bone="Cheek_R02" target="Point27" type="position" />
	<bone_constraint bone="Cheek_R02" target="Point28" type="lookat" />
	<bone_constraint bone="Cheek_R03" target="Point28" type="position" />
	<bone_constraint bone="Cheek_R03" target="Point29" type="lookat" />
	<bone_constraint bone="Cheek_R04" target="Point29" type="position" />
	<bone_constraint bone="EyeBrow_R01" target="Point01" type="position" />
	<bone_constraint bone="EyeBrow_R01" target="Point02" type="lookat" />
	<bone_constraint bone="EyeBrow_R02" target="Point02" type="position" />
	<bone_constraint bone="EyeBrow_R02" target="Point03" type="lookat" />
	<bone_constraint bone="EyeBrow_R03" target="Point03" type="position" />
	<bone_constraint bone="EyeBrow_R03" target="Point04" type="lookat" />
	<bone_constraint bone="EyeBrow_R04" target="Point04" type="position" />
	<bone_constraint bone="Nose01" target="Point17" type="position" />
	<bone_constraint bone="Nose01" target="Point18" type="lookat" />
	<bone_constraint bone="Nose02" target="Point18" type="position" />
	<bone_constraint bone="Nose02" target="Point19" type="lookat" />
	<bone_constraint bone="Nose03" target="Point19" type="position" />
	<bone_constraint bone="Nose03" target="Point20" type="lookat" />
	<bone_constraint bone="Nose04" target="Point20" type="position" />
	<bone_constraint bone="Nose04" target="Point21" type="lookat" />
	<bone_constraint bone="Nose05" target="Point21" type="position" />
	<bone_constraint bone="Cheek_L01" target="Point30" type="position" />
	<bone_constraint bone="Cheek_L01" target="Point31" type="lookat" />
	<bone_constraint bone="Cheek_L02" target="Point31" type="position" />
	<bone_constraint bone="Cheek_L02" target="Point32" type="lookat" />
	<bone_constraint bone="Cheek_L03" target="Point32" type="position" />
	<bone_constraint bone="Cheek_L03" target="Point33" type="lookat" />
	<bone_constraint bone="Cheek_L04" target="Point33" type="position" />
	<bone_constraint bone="EyeBrow_L01" target="Point09" type="position" />
	<bone_constraint bone="EyeBrow_L01" target="Point10" type="lookat" />
	<bone_constraint bone="EyeBrow_L02" target="Point10" type="position" />
	<bone_constraint bone="EyeBrow_L02" target="Point11" type="lookat" />
	<bone_constraint bone="EyeBrow_L03" target="Point11" type="position" />
	<bone_constraint bone="EyeBrow_L03" target="Point12" type="lookat" />
	<bone_constraint bone="EyeBrow_L04" target="Point12" type="position" />
	<bone_constraint bone="BottomEye_R01" target="Point05" type="position" />
	<bone_constraint bone="BottomEye_R01" target="Point06" type="lookat" />
	<bone_constraint bone="BottomEye_R02" target="Point06" type="position" />
	<bone_constraint bone="BottomEye_R02" target="Point07" type="lookat" />
	<bone_constraint bone="BottomEye_R03" target="Point07" type="position" />
	<bone_constraint bone="BottomEye_R03" target="Point08" type="lookat" />
	<bone_constraint bone="BottomEye_R04" target="Point08" type="position" />
	<bone_constraint bone="BottomEye_L01" target="Point13" type="position" />
	<bone_constraint bone="BottomEye_L01" target="Point14" type="lookat" />
	<bone_constraint bone="BottomEye_L02" target="Point14" type="position" />
	<bone_constraint bone="BottomEye_L02" target="Point15" type="lookat" />
	<bone_constraint bone="BottomEye_L03" target="Point15" type="position" />
	<bone_constraint bone="BottomEye_L03" target="Point16" type="lookat" />
	<bone_constraint bone="BottomEye_L04" target="Point16" type="position" />
	<bone_constraint bone="Nostril_R01" target="Point24" type="position" />
	<bone_constraint bone="Nostril_R01" target="Point25" type="lookat" />
	<bone_constraint bone="Nostril_R02" target="Point25" type="position" />
	<bone_constraint bone="Nostril_L01" target="Point22" type="position" />
	<bone_constraint bone="Nostril_L01" target="Point23" type="lookat" />
	<bone_constraint bone="Nostril_L02" target="Point23" type="position" />
	<bone_constraint bone="MouthCorner_L01" target="Point48" type="position" />
	<bone_constraint bone="MouthCorner_L01" target="Point49" type="lookat" />
	<bone_constraint bone="MouthCorner_L02" target="Point49" type="position" />
	<bone_constraint bone="MouthCorner_L02" target="Point50" type="lookat" />
	<bone_constraint bone="MouthCorner_L03" target="Point50" type="position" />
	<bone_constraint bone="MouthCorner_L03" target="Point51" type="lookat" />
	<bone_constraint bone="MouthCorner_L04" target="Point51" type="position" />
	<bone_constraint bone="MouthCorner_R01" target="Point56" type="position" />
	<bone_constraint bone="MouthCorner_R01" target="Point57" type="lookat" />
	<bone_constraint bone="MouthCorner_R02" target="Point57" type="position" />
	<bone_constraint bone="MouthCorner_R02" target="Point58" type="lookat" />
	<bone_constraint bone="MouthCorner_R03" target="Point58" type="position" />
	<bone_constraint bone="MouthCorner_R03" target="Point59" type="lookat" />
	<bone_constraint bone="MouthCorner_R04" target="Point59" type="position" />
	<bone_constraint bone="FaceCurve_R01" target="Point39" type="position" />
	<bone_constraint bone="FaceCurve_R01" target="Point40" type="lookat" />
	<bone_constraint bone="FaceCurve_R02" target="Point40" type="position" />
	<bone_constraint bone="FaceCurve_R02" target="Point41" type="lookat" />
	<bone_constraint bone="FaceCurve_R03" target="Point41" type="position" />
	<bone_constraint bone="FaceCurve_R03" target="Point42" type="lookat" />
	<bone_constraint bone="FaceCurve_R04" target="Point42" type="position" />
	<bone_constraint bone="FaceCurve_R04" target="Point43" type="lookat" />
	<bone_constraint bone="FaceCurve_R05" target="Point43" type="position" />
	<bone_constraint bone="FaceCurve_L01" target="Point34" type="position" />
	<bone_constraint bone="FaceCurve_L01" target="Point35" type="lookat" />
	<bone_constraint bone="FaceCurve_L02" target="Point35" type="position" />
	<bone_constraint bone="FaceCurve_L02" target="Point36" type="lookat" />
	<bone_constraint bone="FaceCurve_L03" target="Point36" type="position" />
	<bone_constraint bone="FaceCurve_L03" target="Point37" type="lookat" />
	<bone_constraint bone="FaceCurve_L04" target="Point37" type="position" />
	<bone_constraint bone="FaceCurve_L04" target="Point38" type="lookat" />
	<bone_constraint bone="FaceCurve_L05" target="Point38" type="position" />
	<bone_constraint bone="Chin_L01" target="Point44" type="position" />
	<bone_constraint bone="Chin_L01" target="Point45" type="lookat" />
	<bone_constraint bone="Chin_L02" target="Point45" type="position" />
	<bone_constraint bone="Chin_L02" target="Point46" type="lookat" />
	<bone_constraint bone="Chin_L03" target="Point46" type="position" />
	<bone_constraint bone="Chin_L03" target="Point47" type="lookat" />
	<bone_constraint bone="Chin_L04" target="Point47" type="position" />
	<bone_constraint bone="Mouth_L01" target="Point65" type="position" />
	<bone_constraint bone="Mouth_L01" target="Point66" type="lookat" />
	<bone_constraint bone="Mouth_L02" target="Point66" type="position" />
	<bone_constraint bone="Mouth_L02" target="Point67" type="lookat" />
	<bone_constraint bone="Mouth_L03" target="Point67" type="position" />
	<bone_constraint bone="Mouth_L03" target="Point68" type="lookat" />
	<bone_constraint bone="Mouth_L04" target="Point68" type="position" />
	<bone_constraint bone="Mouth_L04" target="Point69" type="lookat" />
	<bone_constraint bone="Mouth_L05" target="Point69" type="position" />
	<bone_constraint bone="Chin_01" target="Point76" type="position" />
	<bone_constraint bone="Chin_01" target="Point77" type="lookat" />
	<bone_constraint bone="Chin_02" target="Point77" type="position" />
	<bone_constraint bone="Chin_02" target="Point78" type="lookat" />
	<bone_constraint bone="Chin_03" target="Point78" type="position" />
	<bone_constraint bone="Chin_03" target="Point79" type="lookat" />
	<bone_constraint bone="Chin_04" target="Point79" type="position" />
	<bone_constraint bone="Mouth_R01" target="Point60" type="position" />
	<bone_constraint bone="Mouth_R01" target="Point61" type="lookat" />
	<bone_constraint bone="Mouth_R02" target="Point61" type="position" />
	<bone_constraint bone="Mouth_R02" target="Point62" type="lookat" />
	<bone_constraint bone="Mouth_R03" target="Point62" type="position" />
	<bone_constraint bone="Mouth_R03" target="Point63" type="lookat" />
	<bone_constraint bone="Mouth_R04" target="Point63" type="position" />
	<bone_constraint bone="Mouth_R04" target="Point64" type="lookat" />
	<bone_constraint bone="Mouth_R05" target="Point64" type="position" />
	<bone_constraint bone="Chin_R01" target="Point52" type="position" />
	<bone_constraint bone="Chin_R01" target="Point53" type="lookat" />
	<bone_constraint bone="Chin_R02" target="Point53" type="position" />
	<bone_constraint bone="Chin_R02" target="Point54" type="lookat" />
	<bone_constraint bone="Chin_R03" target="Point54" type="position" />
	<bone_constraint bone="Chin_R03" target="Point55" type="lookat" />
	<bone_constraint bone="Chin_R04" target="Point55" type="position" />
	
	<property name="basebone" value="Bip01_R_Toe0" />
	<property name="baseoffset" value="0 -0.03 0" />
	<property name="rootbone" value="Bip01" />
	<property name="basemesh" value="Kate.mesh" />

	<property name="headbone" value="Bip01_Head" />
	<property name="neckbone" value="Bip01_Spine2" />
	<property name="torsobone" value="Bip01_Spine1" />
	
    <property name="attach_Chest" value="Bip01_Spine1" />
    <property name="attach_Skull" value="Bip01_Head" />
    <property name="attach_Left Shoulder" value="Bip01_L_Clavicle" />
    <property name="attach_Right Shoulder" value="Bip01_R_Clavicle" />
    <property name="attach_Left Hand" value="Bip01_L_Hand" />
    <property name="attach_Right Hand" value="Bip01_R_Hand" />
    <property name="attach_Left Foot" value="Bip01_L_Foot" />
    <property name="attach_Right Foot" value="Bip01_R_Foot" />
    <property name="attach_Spine" value="Bip01_Spine" />
    <property name="attach_Pelvis" value="Bip01_Pelvis" />
    <property name="attach_Mouth" value="Bip01_Head" />
    <property name="attach_Chin" value="Bip01_Head" />
    <property name="attach_Left Ear" value="Bip01_Head" />
    <property name="attach_Right Ear" value="Bip01_Head" />
    <property name="attach_Left Eyeball" value="Eye_L01" />
    <property name="attach_Right Eyeball" value="Eye_R01" />
    <property name="attach_Nose" value="Bip01_Head" />
    <property name="attach_R Upper Arm" value="Bip01_R_UpperArm" />
    <property name="attach_R Forearm" value="Bip01_R_Forearm" />
    <property name="attach_L Upper Arm" value="Bip01_L_UpperArm" />
    <property name="attach_L Forearm" value="Bip01_L_Forearm" />
    <property name="attach_Right Hip" value="Bip01_R_Thigh" />
    <property name="attach_R Upper Leg" value="Bip01_R_Thigh" />
    <property name="attach_R Lower Leg" value="Bip01_R_Calf" />
    <property name="attach_Left Hip" value="Bip01_L_Thigh" />
    <property name="attach_L Upper Leg" value="Bip01_L_Thigh" />
    <property name="attach_L Lower Leg" value="Bip01_L_Calf" />
    <property name="attach_Stomach" value="Bip01_Pelvis" />
    <property name="attach_Left Pec" value="Bip01_Spine1" />
    <property name="attach_Right Pec" value="Bip01_Spine1" />
</avatar>
