<avatar>
  <animation name="AWAY" uuid="fd037134-85d4-f241-72c6-4f42164fedee" ogrename="Stand" looped="true" fadein="0.25" fadeout="0.25" />
  <animation name="CROUCHWALK" uuid="47f5f6fb-22e5-ae44-f871-73aaaf4a6022" ogrename="Walk" looped="true" speedfactor="1.4" usevelocity="true" fadein="0.25" fadeout="0.25" />
  <animation name="FLY" uuid="aec4610c-757f-bc4e-c092-c6e9caf18daf" ogrename="Fly" looped="true" speedfactor="1.1" fadein="0.25" fadeout="0.25" />
  <animation name="HOVER" uuid="4ae8016b-31b9-03bb-c401-b1ea941db41d" ogrename="Hover" speedfactor="1" looped="true" fadein="0.25" fadeout="0.25" />
  <animation name="HOVER_DOWN" uuid="20f063ea-8306-2562-0b07-5c853b37b31e" ogrename="Hover" speedfactor="1" looped="true" fadein="0.25" fadeout="0.25" />
  <animation name="HOVER_UP" uuid="62c5de58-cb33-5743-3d07-9e4cd4352864" ogrename="Hover" speedfactor="1" looped="true" fadein="0.25" fadeout="0.25" />
  <animation name="RUN" uuid="05ddbff8-aaa9-92a1-2b74-8fe77a29b445" ogrename="Walk" looped="true" speedfactor="1.0" usevelocity="true" fadein="0.25" fadeout="0.25" />
  <animation name="SIT" uuid="1a5fe8ac-a804-8a5d-7cbd-56bd83184568" ogrename="SitOnGround" looped="false" fadein="0.4" fadeout="0.5" />
  <animation name="SIT_FEMALE" uuid="b1709c8d-ecd3-54a1-4f28-d55ac0840782" ogrename="SitOnGround" looped="false" fadein="0.4" fadeout="0.5" />
  <animation name="SIT_GENERIC" uuid="245f3c54-f1c0-bf2e-811f-46d8eeb386e7" ogrename="SitOnGround" looped="false" fadein="0.4" fadeout="0.5" />
  <animation name="SIT_GROUND" uuid="1c7600d6-661f-b87b-efe2-d7421eb93c86" ogrename="SitOnGround" looped="false" fadein="0.4" fadeout="0.5" />
  <animation name="SIT_GROUND_CONSTRAINED" uuid="1a2bd58e-87ff-0df8-0b4c-53e047b0bb6e" ogrename="SitOnGround" looped="false" fadein="0.4" fadeout="0.5" />
  <animation name="SIT_TO_STAND" uuid="a8dee56f-2eae-9e7a-05a2-6fb92b97e21e" ogrename="SitOnGround" looped="false" fadein="0.4" fadeout="0.5" />
  <animation name="STAND" uuid="2408fe9e-df1d-1d7d-f4ff-1384fa7b350f" ogrename="Stand" looped="true" fadein="0.25" fadeout="0.25" />
  <animation name="STAND_1" uuid="15468e00-3400-bb66-cecc-646d7c14458e" ogrename="Stand" looped="true" fadein="0.25" fadeout="0.25" />
  <animation name="STAND_2" uuid="370f3a20-6ca6-9971-848c-9a01bc42ae3c" ogrename="Stand" looped="true" fadein="0.25" fadeout="0.25" />
  <animation name="STAND_3" uuid="42b46214-4b44-79ae-deb8-0df61424ff4b" ogrename="Stand" looped="true" fadein="0.25" fadeout="0.25" />
  <animation name="STAND_4" uuid="f22fed8b-a5ed-2c93-64d5-bdd8b93c889f" ogrename="Stand" looped="true" fadein="0.25" fadeout="0.25" />
  <animation name="WALK" uuid="6ed24bd8-91aa-4b12-ccc7-c97c857ab4e0" ogrename="Walk" looped="true" speedfactor="1.0" usevelocity="true" fadein="0.25" fadeout="0.25" />
  
  <property name="basebone" value="Bip01_R_Toe0" />
  <property name="baseoffset" value="0 -0.03 0" />
  <property name="rootbone" value="Bip01" />  
  
  <property name="headbone" value="Bip01_Head" />
  <property name="neckbone" value=" " />
  <property name="torsobone" value=" " />  
</avatar>
