<?xml version="1.0" encoding="utf-8" standalone="yes" ?>
<!-- Attachment data -->
<attachment>
    <mesh name="Fem_skirt_green.mesh" linkskeleton="1" />
    <category name="Bottom">
        <bone name="None" />
    </category>
    <avatar name="Kate.mesh">
        <bone name="None" offset="0 0 0" rotation="1 0 0 0" scale="1 1 1" />
        <avatar_polygon idx="243" />
        <avatar_polygon idx="250" />
        <avatar_polygon idx="251" />
        <avatar_polygon idx="259" />
        <avatar_polygon idx="260" />
        <avatar_polygon idx="266" />
        <avatar_polygon idx="267" />
        <avatar_polygon idx="268" />
        <avatar_polygon idx="269" />
        <avatar_polygon idx="270" />
        <avatar_polygon idx="274" />
        <avatar_polygon idx="276" />
        <avatar_polygon idx="277" />
        <avatar_polygon idx="280" />
        <avatar_polygon idx="281" />
        <avatar_polygon idx="282" />
        <avatar_polygon idx="283" />
        <avatar_polygon idx="284" />
        <avatar_polygon idx="285" />
        <avatar_polygon idx="286" />
        <avatar_polygon idx="287" />
        <avatar_polygon idx="294" />
        <avatar_polygon idx="297" />
        <avatar_polygon idx="298" />
        <avatar_polygon idx="299" />
        <avatar_polygon idx="302" />
        <avatar_polygon idx="303" />
        <avatar_polygon idx="304" />
        <avatar_polygon idx="305" />
        <avatar_polygon idx="306" />
        <avatar_polygon idx="307" />
        <avatar_polygon idx="308" />
        <avatar_polygon idx="309" />
        <avatar_polygon idx="310" />
        <avatar_polygon idx="311" />
        <avatar_polygon idx="312" />
        <avatar_polygon idx="313" />
        <avatar_polygon idx="314" />
        <avatar_polygon idx="315" />
        <avatar_polygon idx="316" />
        <avatar_polygon idx="318" />
        <avatar_polygon idx="319" />
        <avatar_polygon idx="321" />
        <avatar_polygon idx="322" />
        <avatar_polygon idx="323" />
        <avatar_polygon idx="324" />
        <avatar_polygon idx="325" />
        <avatar_polygon idx="326" />
        <avatar_polygon idx="329" />
        <avatar_polygon idx="332" />
        <avatar_polygon idx="334" />
        <avatar_polygon idx="335" />
        <avatar_polygon idx="336" />
        <avatar_polygon idx="337" />
        <avatar_polygon idx="347" />
        <avatar_polygon idx="349" />
        <avatar_polygon idx="417" />
        <avatar_polygon idx="419" />
        <avatar_polygon idx="420" />
        <avatar_polygon idx="421" />
        <avatar_polygon idx="422" />
        <avatar_polygon idx="1334" />
        <avatar_polygon idx="1336" />
        <avatar_polygon idx="1337" />
        <avatar_polygon idx="1340" />
        <avatar_polygon idx="1345" />
        <avatar_polygon idx="1346" />
        <avatar_polygon idx="1616" />
        <avatar_polygon idx="1624" />
        <avatar_polygon idx="1625" />
        <avatar_polygon idx="1633" />
        <avatar_polygon idx="1634" />
        <avatar_polygon idx="1640" />
        <avatar_polygon idx="1641" />
        <avatar_polygon idx="1643" />
        <avatar_polygon idx="1644" />
        <avatar_polygon idx="1649" />
        <avatar_polygon idx="1650" />
        <avatar_polygon idx="1651" />
        <avatar_polygon idx="1653" />
        <avatar_polygon idx="1654" />
        <avatar_polygon idx="1656" />
        <avatar_polygon idx="1657" />
        <avatar_polygon idx="1658" />
        <avatar_polygon idx="1659" />
        <avatar_polygon idx="1661" />
        <avatar_polygon idx="1666" />
        <avatar_polygon idx="1667" />
        <avatar_polygon idx="1671" />
        <avatar_polygon idx="1672" />
        <avatar_polygon idx="1673" />
        <avatar_polygon idx="1674" />
        <avatar_polygon idx="1675" />
        <avatar_polygon idx="1676" />
        <avatar_polygon idx="1677" />
        <avatar_polygon idx="1678" />
        <avatar_polygon idx="1679" />
        <avatar_polygon idx="1680" />
        <avatar_polygon idx="1681" />
        <avatar_polygon idx="1682" />
        <avatar_polygon idx="1683" />
        <avatar_polygon idx="1684" />
        <avatar_polygon idx="1685" />
        <avatar_polygon idx="1686" />
        <avatar_polygon idx="1687" />
        <avatar_polygon idx="1689" />
        <avatar_polygon idx="1691" />
        <avatar_polygon idx="1692" />
        <avatar_polygon idx="1693" />
        <avatar_polygon idx="1694" />
        <avatar_polygon idx="1695" />
        <avatar_polygon idx="1696" />
        <avatar_polygon idx="1697" />
        <avatar_polygon idx="1698" />
        <avatar_polygon idx="1702" />
        <avatar_polygon idx="1703" />
        <avatar_polygon idx="1704" />
        <avatar_polygon idx="1706" />
        <avatar_polygon idx="1707" />
        <avatar_polygon idx="1718" />
        <avatar_polygon idx="1719" />
        <avatar_polygon idx="1788" />
        <avatar_polygon idx="1790" />
        <avatar_polygon idx="1791" />
        <avatar_polygon idx="1792" />
        <avatar_polygon idx="1793" />
        <avatar_polygon idx="2706" />
        <avatar_polygon idx="2708" />
        <avatar_polygon idx="2709" />
    </avatar>
</attachment>
