<?xml version="1.0" encoding="utf-8" standalone="yes" ?>
<!-- Attachment data -->
<attachment>
    <mesh name="Fem_skirt_pink.mesh" linkskeleton="1" />
    <category name="Bottom">
        <bone name="None" />
    </category>
    <avatar name="Kate.mesh">
        <bone name="None" offset="0 0 0" rotation="1 0 0 0" scale="1 1 1" />
        <avatar_polygon idx="242" />
        <avatar_polygon idx="243" />
        <avatar_polygon idx="244" />
        <avatar_polygon idx="247" />
        <avatar_polygon idx="249" />
        <avatar_polygon idx="250" />
        <avatar_polygon idx="251" />
        <avatar_polygon idx="252" />
        <avatar_polygon idx="253" />
        <avatar_polygon idx="254" />
        <avatar_polygon idx="256" />
        <avatar_polygon idx="257" />
        <avatar_polygon idx="259" />
        <avatar_polygon idx="260" />
        <avatar_polygon idx="261" />
        <avatar_polygon idx="263" />
        <avatar_polygon idx="264" />
        <avatar_polygon idx="265" />
        <avatar_polygon idx="266" />
        <avatar_polygon idx="267" />
        <avatar_polygon idx="268" />
        <avatar_polygon idx="269" />
        <avatar_polygon idx="270" />
        <avatar_polygon idx="271" />
        <avatar_polygon idx="273" />
        <avatar_polygon idx="274" />
        <avatar_polygon idx="275" />
        <avatar_polygon idx="276" />
        <avatar_polygon idx="277" />
        <avatar_polygon idx="278" />
        <avatar_polygon idx="279" />
        <avatar_polygon idx="280" />
        <avatar_polygon idx="281" />
        <avatar_polygon idx="282" />
        <avatar_polygon idx="283" />
        <avatar_polygon idx="284" />
        <avatar_polygon idx="285" />
        <avatar_polygon idx="286" />
        <avatar_polygon idx="287" />
        <avatar_polygon idx="288" />
        <avatar_polygon idx="290" />
        <avatar_polygon idx="291" />
        <avatar_polygon idx="292" />
        <avatar_polygon idx="293" />
        <avatar_polygon idx="294" />
        <avatar_polygon idx="296" />
        <avatar_polygon idx="297" />
        <avatar_polygon idx="298" />
        <avatar_polygon idx="299" />
        <avatar_polygon idx="300" />
        <avatar_polygon idx="301" />
        <avatar_polygon idx="302" />
        <avatar_polygon idx="303" />
        <avatar_polygon idx="304" />
        <avatar_polygon idx="305" />
        <avatar_polygon idx="306" />
        <avatar_polygon idx="307" />
        <avatar_polygon idx="308" />
        <avatar_polygon idx="309" />
        <avatar_polygon idx="310" />
        <avatar_polygon idx="311" />
        <avatar_polygon idx="312" />
        <avatar_polygon idx="313" />
        <avatar_polygon idx="314" />
        <avatar_polygon idx="315" />
        <avatar_polygon idx="316" />
        <avatar_polygon idx="317" />
        <avatar_polygon idx="318" />
        <avatar_polygon idx="319" />
        <avatar_polygon idx="320" />
        <avatar_polygon idx="321" />
        <avatar_polygon idx="322" />
        <avatar_polygon idx="323" />
        <avatar_polygon idx="324" />
        <avatar_polygon idx="325" />
        <avatar_polygon idx="326" />
        <avatar_polygon idx="327" />
        <avatar_polygon idx="329" />
        <avatar_polygon idx="332" />
        <avatar_polygon idx="334" />
        <avatar_polygon idx="335" />
        <avatar_polygon idx="336" />
        <avatar_polygon idx="337" />
        <avatar_polygon idx="340" />
        <avatar_polygon idx="341" />
        <avatar_polygon idx="344" />
        <avatar_polygon idx="347" />
        <avatar_polygon idx="348" />
        <avatar_polygon idx="349" />
        <avatar_polygon idx="407" />
        <avatar_polygon idx="408" />
        <avatar_polygon idx="409" />
        <avatar_polygon idx="410" />
        <avatar_polygon idx="412" />
        <avatar_polygon idx="413" />
        <avatar_polygon idx="414" />
        <avatar_polygon idx="416" />
        <avatar_polygon idx="417" />
        <avatar_polygon idx="418" />
        <avatar_polygon idx="419" />
        <avatar_polygon idx="420" />
        <avatar_polygon idx="421" />
        <avatar_polygon idx="422" />
        <avatar_polygon idx="423" />
        <avatar_polygon idx="424" />
        <avatar_polygon idx="425" />
        <avatar_polygon idx="659" />
        <avatar_polygon idx="663" />
        <avatar_polygon idx="664" />
        <avatar_polygon idx="1334" />
        <avatar_polygon idx="1335" />
        <avatar_polygon idx="1336" />
        <avatar_polygon idx="1337" />
        <avatar_polygon idx="1338" />
        <avatar_polygon idx="1339" />
        <avatar_polygon idx="1340" />
        <avatar_polygon idx="1345" />
        <avatar_polygon idx="1346" />
        <avatar_polygon idx="1616" />
        <avatar_polygon idx="1617" />
        <avatar_polygon idx="1618" />
        <avatar_polygon idx="1619" />
        <avatar_polygon idx="1622" />
        <avatar_polygon idx="1624" />
        <avatar_polygon idx="1625" />
        <avatar_polygon idx="1626" />
        <avatar_polygon idx="1627" />
        <avatar_polygon idx="1628" />
        <avatar_polygon idx="1629" />
        <avatar_polygon idx="1632" />
        <avatar_polygon idx="1633" />
        <avatar_polygon idx="1634" />
        <avatar_polygon idx="1635" />
        <avatar_polygon idx="1636" />
        <avatar_polygon idx="1637" />
        <avatar_polygon idx="1639" />
        <avatar_polygon idx="1640" />
        <avatar_polygon idx="1641" />
        <avatar_polygon idx="1642" />
        <avatar_polygon idx="1643" />
        <avatar_polygon idx="1644" />
        <avatar_polygon idx="1645" />
        <avatar_polygon idx="1647" />
        <avatar_polygon idx="1648" />
        <avatar_polygon idx="1649" />
        <avatar_polygon idx="1650" />
        <avatar_polygon idx="1651" />
        <avatar_polygon idx="1652" />
        <avatar_polygon idx="1653" />
        <avatar_polygon idx="1654" />
        <avatar_polygon idx="1655" />
        <avatar_polygon idx="1656" />
        <avatar_polygon idx="1657" />
        <avatar_polygon idx="1658" />
        <avatar_polygon idx="1659" />
        <avatar_polygon idx="1660" />
        <avatar_polygon idx="1661" />
        <avatar_polygon idx="1662" />
        <avatar_polygon idx="1663" />
        <avatar_polygon idx="1664" />
        <avatar_polygon idx="1665" />
        <avatar_polygon idx="1666" />
        <avatar_polygon idx="1667" />
        <avatar_polygon idx="1668" />
        <avatar_polygon idx="1670" />
        <avatar_polygon idx="1671" />
        <avatar_polygon idx="1672" />
        <avatar_polygon idx="1673" />
        <avatar_polygon idx="1674" />
        <avatar_polygon idx="1675" />
        <avatar_polygon idx="1676" />
        <avatar_polygon idx="1677" />
        <avatar_polygon idx="1678" />
        <avatar_polygon idx="1679" />
        <avatar_polygon idx="1680" />
        <avatar_polygon idx="1681" />
        <avatar_polygon idx="1682" />
        <avatar_polygon idx="1683" />
        <avatar_polygon idx="1684" />
        <avatar_polygon idx="1685" />
        <avatar_polygon idx="1686" />
        <avatar_polygon idx="1687" />
        <avatar_polygon idx="1688" />
        <avatar_polygon idx="1689" />
        <avatar_polygon idx="1690" />
        <avatar_polygon idx="1691" />
        <avatar_polygon idx="1692" />
        <avatar_polygon idx="1693" />
        <avatar_polygon idx="1694" />
        <avatar_polygon idx="1695" />
        <avatar_polygon idx="1696" />
        <avatar_polygon idx="1697" />
        <avatar_polygon idx="1698" />
        <avatar_polygon idx="1702" />
        <avatar_polygon idx="1703" />
        <avatar_polygon idx="1704" />
        <avatar_polygon idx="1706" />
        <avatar_polygon idx="1707" />
        <avatar_polygon idx="1710" />
        <avatar_polygon idx="1714" />
        <avatar_polygon idx="1717" />
        <avatar_polygon idx="1718" />
        <avatar_polygon idx="1719" />
        <avatar_polygon idx="1778" />
        <avatar_polygon idx="1779" />
        <avatar_polygon idx="1780" />
        <avatar_polygon idx="1781" />
        <avatar_polygon idx="1783" />
        <avatar_polygon idx="1784" />
        <avatar_polygon idx="1785" />
        <avatar_polygon idx="1786" />
        <avatar_polygon idx="1787" />
        <avatar_polygon idx="1788" />
        <avatar_polygon idx="1789" />
        <avatar_polygon idx="1790" />
        <avatar_polygon idx="1791" />
        <avatar_polygon idx="1792" />
        <avatar_polygon idx="1793" />
        <avatar_polygon idx="1794" />
        <avatar_polygon idx="1795" />
        <avatar_polygon idx="1796" />
        <avatar_polygon idx="2704" />
        <avatar_polygon idx="2705" />
        <avatar_polygon idx="2706" />
        <avatar_polygon idx="2707" />
        <avatar_polygon idx="2708" />
        <avatar_polygon idx="2709" />
    </avatar>
</attachment>
