<?xml version="1.0" encoding="utf-8" standalone="yes" ?>
<!-- Attachment data -->
<attachment>
    <mesh name="Fem_hiphop_jacket_browngreen.mesh" linkskeleton="1" />
    <category name="Top">
        <bone name="None" />
    </category>
    <avatar name="Kate.mesh">
        <bone name="None" offset="0 0 0" rotation="1 0 0 0" scale="1 1 1" />
        <avatar_polygon idx="326" />
        <avatar_polygon idx="327" />
        <avatar_polygon idx="328" />
        <avatar_polygon idx="330" />
        <avatar_polygon idx="331" />
        <avatar_polygon idx="333" />
        <avatar_polygon idx="339" />
        <avatar_polygon idx="340" />
        <avatar_polygon idx="341" />
        <avatar_polygon idx="342" />
        <avatar_polygon idx="343" />
        <avatar_polygon idx="344" />
        <avatar_polygon idx="345" />
        <avatar_polygon idx="346" />
        <avatar_polygon idx="347" />
        <avatar_polygon idx="348" />
        <avatar_polygon idx="349" />
        <avatar_polygon idx="350" />
        <avatar_polygon idx="351" />
        <avatar_polygon idx="352" />
        <avatar_polygon idx="353" />
        <avatar_polygon idx="354" />
        <avatar_polygon idx="355" />
        <avatar_polygon idx="356" />
        <avatar_polygon idx="357" />
        <avatar_polygon idx="358" />
        <avatar_polygon idx="359" />
        <avatar_polygon idx="360" />
        <avatar_polygon idx="361" />
        <avatar_polygon idx="362" />
        <avatar_polygon idx="363" />
        <avatar_polygon idx="364" />
        <avatar_polygon idx="365" />
        <avatar_polygon idx="366" />
        <avatar_polygon idx="367" />
        <avatar_polygon idx="368" />
        <avatar_polygon idx="369" />
        <avatar_polygon idx="370" />
        <avatar_polygon idx="371" />
        <avatar_polygon idx="372" />
        <avatar_polygon idx="373" />
        <avatar_polygon idx="374" />
        <avatar_polygon idx="375" />
        <avatar_polygon idx="376" />
        <avatar_polygon idx="377" />
        <avatar_polygon idx="378" />
        <avatar_polygon idx="379" />
        <avatar_polygon idx="380" />
        <avatar_polygon idx="381" />
        <avatar_polygon idx="382" />
        <avatar_polygon idx="383" />
        <avatar_polygon idx="384" />
        <avatar_polygon idx="385" />
        <avatar_polygon idx="386" />
        <avatar_polygon idx="387" />
        <avatar_polygon idx="388" />
        <avatar_polygon idx="389" />
        <avatar_polygon idx="390" />
        <avatar_polygon idx="391" />
        <avatar_polygon idx="392" />
        <avatar_polygon idx="393" />
        <avatar_polygon idx="394" />
        <avatar_polygon idx="395" />
        <avatar_polygon idx="396" />
        <avatar_polygon idx="397" />
        <avatar_polygon idx="418" />
        <avatar_polygon idx="426" />
        <avatar_polygon idx="427" />
        <avatar_polygon idx="428" />
        <avatar_polygon idx="429" />
        <avatar_polygon idx="430" />
        <avatar_polygon idx="431" />
        <avatar_polygon idx="432" />
        <avatar_polygon idx="433" />
        <avatar_polygon idx="434" />
        <avatar_polygon idx="435" />
        <avatar_polygon idx="436" />
        <avatar_polygon idx="437" />
        <avatar_polygon idx="439" />
        <avatar_polygon idx="440" />
        <avatar_polygon idx="441" />
        <avatar_polygon idx="442" />
        <avatar_polygon idx="443" />
        <avatar_polygon idx="444" />
        <avatar_polygon idx="445" />
        <avatar_polygon idx="446" />
        <avatar_polygon idx="447" />
        <avatar_polygon idx="448" />
        <avatar_polygon idx="449" />
        <avatar_polygon idx="450" />
        <avatar_polygon idx="451" />
        <avatar_polygon idx="452" />
        <avatar_polygon idx="453" />
        <avatar_polygon idx="454" />
        <avatar_polygon idx="455" />
        <avatar_polygon idx="456" />
        <avatar_polygon idx="457" />
        <avatar_polygon idx="459" />
        <avatar_polygon idx="460" />
        <avatar_polygon idx="461" />
        <avatar_polygon idx="462" />
        <avatar_polygon idx="463" />
        <avatar_polygon idx="464" />
        <avatar_polygon idx="465" />
        <avatar_polygon idx="466" />
        <avatar_polygon idx="467" />
        <avatar_polygon idx="468" />
        <avatar_polygon idx="469" />
        <avatar_polygon idx="470" />
        <avatar_polygon idx="471" />
        <avatar_polygon idx="472" />
        <avatar_polygon idx="473" />
        <avatar_polygon idx="474" />
        <avatar_polygon idx="475" />
        <avatar_polygon idx="477" />
        <avatar_polygon idx="478" />
        <avatar_polygon idx="480" />
        <avatar_polygon idx="481" />
        <avatar_polygon idx="485" />
        <avatar_polygon idx="505" />
        <avatar_polygon idx="506" />
        <avatar_polygon idx="508" />
        <avatar_polygon idx="509" />
        <avatar_polygon idx="510" />
        <avatar_polygon idx="511" />
        <avatar_polygon idx="512" />
        <avatar_polygon idx="513" />
        <avatar_polygon idx="514" />
        <avatar_polygon idx="515" />
        <avatar_polygon idx="516" />
        <avatar_polygon idx="517" />
        <avatar_polygon idx="518" />
        <avatar_polygon idx="519" />
        <avatar_polygon idx="520" />
        <avatar_polygon idx="521" />
        <avatar_polygon idx="522" />
        <avatar_polygon idx="524" />
        <avatar_polygon idx="526" />
        <avatar_polygon idx="527" />
        <avatar_polygon idx="528" />
        <avatar_polygon idx="529" />
        <avatar_polygon idx="530" />
        <avatar_polygon idx="531" />
        <avatar_polygon idx="532" />
        <avatar_polygon idx="533" />
        <avatar_polygon idx="534" />
        <avatar_polygon idx="536" />
        <avatar_polygon idx="537" />
        <avatar_polygon idx="538" />
        <avatar_polygon idx="539" />
        <avatar_polygon idx="540" />
        <avatar_polygon idx="542" />
        <avatar_polygon idx="544" />
        <avatar_polygon idx="545" />
        <avatar_polygon idx="546" />
        <avatar_polygon idx="547" />
        <avatar_polygon idx="548" />
        <avatar_polygon idx="550" />
        <avatar_polygon idx="551" />
        <avatar_polygon idx="552" />
        <avatar_polygon idx="553" />
        <avatar_polygon idx="554" />
        <avatar_polygon idx="555" />
        <avatar_polygon idx="556" />
        <avatar_polygon idx="557" />
        <avatar_polygon idx="558" />
        <avatar_polygon idx="559" />
        <avatar_polygon idx="560" />
        <avatar_polygon idx="561" />
        <avatar_polygon idx="563" />
        <avatar_polygon idx="564" />
        <avatar_polygon idx="565" />
        <avatar_polygon idx="566" />
        <avatar_polygon idx="567" />
        <avatar_polygon idx="568" />
        <avatar_polygon idx="569" />
        <avatar_polygon idx="570" />
        <avatar_polygon idx="571" />
        <avatar_polygon idx="572" />
        <avatar_polygon idx="573" />
        <avatar_polygon idx="574" />
        <avatar_polygon idx="575" />
        <avatar_polygon idx="576" />
        <avatar_polygon idx="577" />
        <avatar_polygon idx="578" />
        <avatar_polygon idx="579" />
        <avatar_polygon idx="580" />
        <avatar_polygon idx="581" />
        <avatar_polygon idx="582" />
        <avatar_polygon idx="583" />
        <avatar_polygon idx="584" />
        <avatar_polygon idx="585" />
        <avatar_polygon idx="586" />
        <avatar_polygon idx="587" />
        <avatar_polygon idx="588" />
        <avatar_polygon idx="589" />
        <avatar_polygon idx="590" />
        <avatar_polygon idx="591" />
        <avatar_polygon idx="592" />
        <avatar_polygon idx="593" />
        <avatar_polygon idx="594" />
        <avatar_polygon idx="595" />
        <avatar_polygon idx="596" />
        <avatar_polygon idx="597" />
        <avatar_polygon idx="598" />
        <avatar_polygon idx="599" />
        <avatar_polygon idx="600" />
        <avatar_polygon idx="601" />
        <avatar_polygon idx="602" />
        <avatar_polygon idx="603" />
        <avatar_polygon idx="604" />
        <avatar_polygon idx="605" />
        <avatar_polygon idx="606" />
        <avatar_polygon idx="607" />
        <avatar_polygon idx="608" />
        <avatar_polygon idx="609" />
        <avatar_polygon idx="610" />
        <avatar_polygon idx="611" />
        <avatar_polygon idx="612" />
        <avatar_polygon idx="613" />
        <avatar_polygon idx="614" />
        <avatar_polygon idx="615" />
        <avatar_polygon idx="616" />
        <avatar_polygon idx="617" />
        <avatar_polygon idx="618" />
        <avatar_polygon idx="619" />
        <avatar_polygon idx="620" />
        <avatar_polygon idx="621" />
        <avatar_polygon idx="622" />
        <avatar_polygon idx="623" />
        <avatar_polygon idx="625" />
        <avatar_polygon idx="626" />
        <avatar_polygon idx="627" />
        <avatar_polygon idx="629" />
        <avatar_polygon idx="630" />
        <avatar_polygon idx="631" />
        <avatar_polygon idx="632" />
        <avatar_polygon idx="633" />
        <avatar_polygon idx="634" />
        <avatar_polygon idx="635" />
        <avatar_polygon idx="636" />
        <avatar_polygon idx="637" />
        <avatar_polygon idx="638" />
        <avatar_polygon idx="639" />
        <avatar_polygon idx="640" />
        <avatar_polygon idx="641" />
        <avatar_polygon idx="642" />
        <avatar_polygon idx="643" />
        <avatar_polygon idx="644" />
        <avatar_polygon idx="645" />
        <avatar_polygon idx="646" />
        <avatar_polygon idx="647" />
        <avatar_polygon idx="648" />
        <avatar_polygon idx="649" />
        <avatar_polygon idx="650" />
        <avatar_polygon idx="651" />
        <avatar_polygon idx="652" />
        <avatar_polygon idx="653" />
        <avatar_polygon idx="654" />
        <avatar_polygon idx="655" />
        <avatar_polygon idx="656" />
        <avatar_polygon idx="657" />
        <avatar_polygon idx="658" />
        <avatar_polygon idx="659" />
        <avatar_polygon idx="660" />
        <avatar_polygon idx="661" />
        <avatar_polygon idx="662" />
        <avatar_polygon idx="663" />
        <avatar_polygon idx="664" />
        <avatar_polygon idx="665" />
        <avatar_polygon idx="666" />
        <avatar_polygon idx="667" />
        <avatar_polygon idx="668" />
        <avatar_polygon idx="1189" />
        <avatar_polygon idx="1190" />
        <avatar_polygon idx="1191" />
        <avatar_polygon idx="1192" />
        <avatar_polygon idx="1193" />
        <avatar_polygon idx="1195" />
        <avatar_polygon idx="1197" />
        <avatar_polygon idx="1200" />
        <avatar_polygon idx="1201" />
        <avatar_polygon idx="1203" />
        <avatar_polygon idx="1205" />
        <avatar_polygon idx="1207" />
        <avatar_polygon idx="1209" />
        <avatar_polygon idx="1211" />
        <avatar_polygon idx="1212" />
        <avatar_polygon idx="1213" />
        <avatar_polygon idx="1215" />
        <avatar_polygon idx="1216" />
        <avatar_polygon idx="1217" />
        <avatar_polygon idx="1219" />
        <avatar_polygon idx="1220" />
        <avatar_polygon idx="1221" />
        <avatar_polygon idx="1222" />
        <avatar_polygon idx="1223" />
        <avatar_polygon idx="1224" />
        <avatar_polygon idx="1225" />
        <avatar_polygon idx="1227" />
        <avatar_polygon idx="1228" />
        <avatar_polygon idx="1229" />
        <avatar_polygon idx="1231" />
        <avatar_polygon idx="1233" />
        <avatar_polygon idx="1234" />
        <avatar_polygon idx="1235" />
        <avatar_polygon idx="1236" />
        <avatar_polygon idx="1237" />
        <avatar_polygon idx="1239" />
        <avatar_polygon idx="1240" />
        <avatar_polygon idx="1241" />
        <avatar_polygon idx="1242" />
        <avatar_polygon idx="1243" />
        <avatar_polygon idx="1245" />
        <avatar_polygon idx="1246" />
        <avatar_polygon idx="1248" />
        <avatar_polygon idx="1249" />
        <avatar_polygon idx="1251" />
        <avatar_polygon idx="1252" />
        <avatar_polygon idx="1254" />
        <avatar_polygon idx="1255" />
        <avatar_polygon idx="1256" />
        <avatar_polygon idx="1257" />
        <avatar_polygon idx="1258" />
        <avatar_polygon idx="1259" />
        <avatar_polygon idx="1261" />
        <avatar_polygon idx="1262" />
        <avatar_polygon idx="1264" />
        <avatar_polygon idx="1272" />
        <avatar_polygon idx="1273" />
        <avatar_polygon idx="1274" />
        <avatar_polygon idx="1276" />
        <avatar_polygon idx="1277" />
        <avatar_polygon idx="1290" />
        <avatar_polygon idx="1291" />
        <avatar_polygon idx="1293" />
        <avatar_polygon idx="1296" />
        <avatar_polygon idx="1297" />
        <avatar_polygon idx="1298" />
        <avatar_polygon idx="1299" />
        <avatar_polygon idx="1300" />
        <avatar_polygon idx="1301" />
        <avatar_polygon idx="1302" />
        <avatar_polygon idx="1303" />
        <avatar_polygon idx="1304" />
        <avatar_polygon idx="1305" />
        <avatar_polygon idx="1306" />
        <avatar_polygon idx="1307" />
        <avatar_polygon idx="1308" />
        <avatar_polygon idx="1314" />
        <avatar_polygon idx="1315" />
        <avatar_polygon idx="1316" />
        <avatar_polygon idx="1317" />
        <avatar_polygon idx="1318" />
        <avatar_polygon idx="1320" />
        <avatar_polygon idx="1321" />
        <avatar_polygon idx="1322" />
        <avatar_polygon idx="1323" />
        <avatar_polygon idx="1324" />
        <avatar_polygon idx="1325" />
        <avatar_polygon idx="1326" />
        <avatar_polygon idx="1327" />
        <avatar_polygon idx="1329" />
        <avatar_polygon idx="1330" />
        <avatar_polygon idx="1332" />
        <avatar_polygon idx="1333" />
        <avatar_polygon idx="1341" />
        <avatar_polygon idx="1342" />
        <avatar_polygon idx="1343" />
        <avatar_polygon idx="1344" />
        <avatar_polygon idx="1347" />
        <avatar_polygon idx="1348" />
        <avatar_polygon idx="1349" />
        <avatar_polygon idx="1367" />
        <avatar_polygon idx="1368" />
        <avatar_polygon idx="1369" />
        <avatar_polygon idx="1370" />
        <avatar_polygon idx="1371" />
        <avatar_polygon idx="1372" />
        <avatar_polygon idx="1696" />
        <avatar_polygon idx="1697" />
        <avatar_polygon idx="1699" />
        <avatar_polygon idx="1700" />
        <avatar_polygon idx="1701" />
        <avatar_polygon idx="1705" />
        <avatar_polygon idx="1709" />
        <avatar_polygon idx="1710" />
        <avatar_polygon idx="1711" />
        <avatar_polygon idx="1712" />
        <avatar_polygon idx="1713" />
        <avatar_polygon idx="1714" />
        <avatar_polygon idx="1715" />
        <avatar_polygon idx="1716" />
        <avatar_polygon idx="1717" />
        <avatar_polygon idx="1718" />
        <avatar_polygon idx="1719" />
        <avatar_polygon idx="1720" />
        <avatar_polygon idx="1721" />
        <avatar_polygon idx="1722" />
        <avatar_polygon idx="1723" />
        <avatar_polygon idx="1724" />
        <avatar_polygon idx="1725" />
        <avatar_polygon idx="1726" />
        <avatar_polygon idx="1728" />
        <avatar_polygon idx="1729" />
        <avatar_polygon idx="1730" />
        <avatar_polygon idx="1731" />
        <avatar_polygon idx="1732" />
        <avatar_polygon idx="1733" />
        <avatar_polygon idx="1734" />
        <avatar_polygon idx="1735" />
        <avatar_polygon idx="1736" />
        <avatar_polygon idx="1737" />
        <avatar_polygon idx="1738" />
        <avatar_polygon idx="1739" />
        <avatar_polygon idx="1740" />
        <avatar_polygon idx="1741" />
        <avatar_polygon idx="1742" />
        <avatar_polygon idx="1743" />
        <avatar_polygon idx="1744" />
        <avatar_polygon idx="1745" />
        <avatar_polygon idx="1746" />
        <avatar_polygon idx="1747" />
        <avatar_polygon idx="1748" />
        <avatar_polygon idx="1749" />
        <avatar_polygon idx="1750" />
        <avatar_polygon idx="1751" />
        <avatar_polygon idx="1752" />
        <avatar_polygon idx="1753" />
        <avatar_polygon idx="1754" />
        <avatar_polygon idx="1755" />
        <avatar_polygon idx="1756" />
        <avatar_polygon idx="1757" />
        <avatar_polygon idx="1758" />
        <avatar_polygon idx="1759" />
        <avatar_polygon idx="1760" />
        <avatar_polygon idx="1761" />
        <avatar_polygon idx="1762" />
        <avatar_polygon idx="1763" />
        <avatar_polygon idx="1764" />
        <avatar_polygon idx="1765" />
        <avatar_polygon idx="1766" />
        <avatar_polygon idx="1767" />
        <avatar_polygon idx="1768" />
        <avatar_polygon idx="1789" />
        <avatar_polygon idx="1797" />
        <avatar_polygon idx="1798" />
        <avatar_polygon idx="1799" />
        <avatar_polygon idx="1800" />
        <avatar_polygon idx="1801" />
        <avatar_polygon idx="1802" />
        <avatar_polygon idx="1803" />
        <avatar_polygon idx="1804" />
        <avatar_polygon idx="1805" />
        <avatar_polygon idx="1806" />
        <avatar_polygon idx="1807" />
        <avatar_polygon idx="1808" />
        <avatar_polygon idx="1809" />
        <avatar_polygon idx="1810" />
        <avatar_polygon idx="1811" />
        <avatar_polygon idx="1812" />
        <avatar_polygon idx="1813" />
        <avatar_polygon idx="1814" />
        <avatar_polygon idx="1815" />
        <avatar_polygon idx="1816" />
        <avatar_polygon idx="1817" />
        <avatar_polygon idx="1818" />
        <avatar_polygon idx="1819" />
        <avatar_polygon idx="1820" />
        <avatar_polygon idx="1821" />
        <avatar_polygon idx="1822" />
        <avatar_polygon idx="1823" />
        <avatar_polygon idx="1824" />
        <avatar_polygon idx="1825" />
        <avatar_polygon idx="1826" />
        <avatar_polygon idx="1827" />
        <avatar_polygon idx="1828" />
        <avatar_polygon idx="1829" />
        <avatar_polygon idx="1831" />
        <avatar_polygon idx="1832" />
        <avatar_polygon idx="1833" />
        <avatar_polygon idx="1834" />
        <avatar_polygon idx="1835" />
        <avatar_polygon idx="1836" />
        <avatar_polygon idx="1837" />
        <avatar_polygon idx="1838" />
        <avatar_polygon idx="1839" />
        <avatar_polygon idx="1840" />
        <avatar_polygon idx="1841" />
        <avatar_polygon idx="1842" />
        <avatar_polygon idx="1843" />
        <avatar_polygon idx="1844" />
        <avatar_polygon idx="1845" />
        <avatar_polygon idx="1847" />
        <avatar_polygon idx="1848" />
        <avatar_polygon idx="1851" />
        <avatar_polygon idx="1867" />
        <avatar_polygon idx="1868" />
        <avatar_polygon idx="1872" />
        <avatar_polygon idx="1874" />
        <avatar_polygon idx="1875" />
        <avatar_polygon idx="1876" />
        <avatar_polygon idx="1877" />
        <avatar_polygon idx="1879" />
        <avatar_polygon idx="1880" />
        <avatar_polygon idx="1881" />
        <avatar_polygon idx="1882" />
        <avatar_polygon idx="1883" />
        <avatar_polygon idx="1884" />
        <avatar_polygon idx="1885" />
        <avatar_polygon idx="1886" />
        <avatar_polygon idx="1887" />
        <avatar_polygon idx="1888" />
        <avatar_polygon idx="1889" />
        <avatar_polygon idx="1890" />
        <avatar_polygon idx="1892" />
        <avatar_polygon idx="1893" />
        <avatar_polygon idx="1894" />
        <avatar_polygon idx="1895" />
        <avatar_polygon idx="1897" />
        <avatar_polygon idx="1899" />
        <avatar_polygon idx="1900" />
        <avatar_polygon idx="1901" />
        <avatar_polygon idx="1902" />
        <avatar_polygon idx="1904" />
        <avatar_polygon idx="1905" />
        <avatar_polygon idx="1906" />
        <avatar_polygon idx="1907" />
        <avatar_polygon idx="1908" />
        <avatar_polygon idx="1909" />
        <avatar_polygon idx="1911" />
        <avatar_polygon idx="1913" />
        <avatar_polygon idx="1914" />
        <avatar_polygon idx="1915" />
        <avatar_polygon idx="1916" />
        <avatar_polygon idx="1917" />
        <avatar_polygon idx="1919" />
        <avatar_polygon idx="1921" />
        <avatar_polygon idx="1922" />
        <avatar_polygon idx="1923" />
        <avatar_polygon idx="1924" />
        <avatar_polygon idx="1925" />
        <avatar_polygon idx="1926" />
        <avatar_polygon idx="1927" />
        <avatar_polygon idx="1928" />
        <avatar_polygon idx="1929" />
        <avatar_polygon idx="1930" />
        <avatar_polygon idx="1931" />
        <avatar_polygon idx="1932" />
        <avatar_polygon idx="1933" />
        <avatar_polygon idx="1934" />
        <avatar_polygon idx="1935" />
        <avatar_polygon idx="1937" />
        <avatar_polygon idx="1938" />
        <avatar_polygon idx="1939" />
        <avatar_polygon idx="1940" />
        <avatar_polygon idx="1941" />
        <avatar_polygon idx="1942" />
        <avatar_polygon idx="1943" />
        <avatar_polygon idx="1944" />
        <avatar_polygon idx="1945" />
        <avatar_polygon idx="1946" />
        <avatar_polygon idx="1947" />
        <avatar_polygon idx="1948" />
        <avatar_polygon idx="1949" />
        <avatar_polygon idx="1950" />
        <avatar_polygon idx="1951" />
        <avatar_polygon idx="1952" />
        <avatar_polygon idx="1953" />
        <avatar_polygon idx="1954" />
        <avatar_polygon idx="1955" />
        <avatar_polygon idx="1956" />
        <avatar_polygon idx="1957" />
        <avatar_polygon idx="1958" />
        <avatar_polygon idx="1959" />
        <avatar_polygon idx="1960" />
        <avatar_polygon idx="1961" />
        <avatar_polygon idx="1962" />
        <avatar_polygon idx="1963" />
        <avatar_polygon idx="1964" />
        <avatar_polygon idx="1965" />
        <avatar_polygon idx="1966" />
        <avatar_polygon idx="1967" />
        <avatar_polygon idx="1968" />
        <avatar_polygon idx="1969" />
        <avatar_polygon idx="1970" />
        <avatar_polygon idx="1971" />
        <avatar_polygon idx="1972" />
        <avatar_polygon idx="1973" />
        <avatar_polygon idx="1974" />
        <avatar_polygon idx="1975" />
        <avatar_polygon idx="1976" />
        <avatar_polygon idx="1977" />
        <avatar_polygon idx="1978" />
        <avatar_polygon idx="1979" />
        <avatar_polygon idx="1980" />
        <avatar_polygon idx="1981" />
        <avatar_polygon idx="1982" />
        <avatar_polygon idx="1983" />
        <avatar_polygon idx="1984" />
        <avatar_polygon idx="1985" />
        <avatar_polygon idx="1986" />
        <avatar_polygon idx="1987" />
        <avatar_polygon idx="1988" />
        <avatar_polygon idx="1989" />
        <avatar_polygon idx="1990" />
        <avatar_polygon idx="1991" />
        <avatar_polygon idx="1992" />
        <avatar_polygon idx="1993" />
        <avatar_polygon idx="1994" />
        <avatar_polygon idx="1995" />
        <avatar_polygon idx="1996" />
        <avatar_polygon idx="1998" />
        <avatar_polygon idx="2000" />
        <avatar_polygon idx="2001" />
        <avatar_polygon idx="2002" />
        <avatar_polygon idx="2003" />
        <avatar_polygon idx="2004" />
        <avatar_polygon idx="2005" />
        <avatar_polygon idx="2006" />
        <avatar_polygon idx="2007" />
        <avatar_polygon idx="2008" />
        <avatar_polygon idx="2009" />
        <avatar_polygon idx="2010" />
        <avatar_polygon idx="2011" />
        <avatar_polygon idx="2012" />
        <avatar_polygon idx="2013" />
        <avatar_polygon idx="2014" />
        <avatar_polygon idx="2015" />
        <avatar_polygon idx="2016" />
        <avatar_polygon idx="2017" />
        <avatar_polygon idx="2018" />
        <avatar_polygon idx="2019" />
        <avatar_polygon idx="2020" />
        <avatar_polygon idx="2021" />
        <avatar_polygon idx="2022" />
        <avatar_polygon idx="2023" />
        <avatar_polygon idx="2024" />
        <avatar_polygon idx="2025" />
        <avatar_polygon idx="2026" />
        <avatar_polygon idx="2027" />
        <avatar_polygon idx="2028" />
        <avatar_polygon idx="2029" />
        <avatar_polygon idx="2030" />
        <avatar_polygon idx="2031" />
        <avatar_polygon idx="2032" />
        <avatar_polygon idx="2033" />
        <avatar_polygon idx="2034" />
        <avatar_polygon idx="2035" />
        <avatar_polygon idx="2036" />
        <avatar_polygon idx="2037" />
        <avatar_polygon idx="2038" />
        <avatar_polygon idx="2039" />
        <avatar_polygon idx="2040" />
        <avatar_polygon idx="2041" />
        <avatar_polygon idx="2562" />
        <avatar_polygon idx="2563" />
        <avatar_polygon idx="2564" />
        <avatar_polygon idx="2565" />
        <avatar_polygon idx="2566" />
        <avatar_polygon idx="2568" />
        <avatar_polygon idx="2570" />
        <avatar_polygon idx="2573" />
        <avatar_polygon idx="2574" />
        <avatar_polygon idx="2576" />
        <avatar_polygon idx="2578" />
        <avatar_polygon idx="2580" />
        <avatar_polygon idx="2582" />
        <avatar_polygon idx="2584" />
        <avatar_polygon idx="2586" />
        <avatar_polygon idx="2587" />
        <avatar_polygon idx="2588" />
        <avatar_polygon idx="2589" />
        <avatar_polygon idx="2590" />
        <avatar_polygon idx="2592" />
        <avatar_polygon idx="2593" />
        <avatar_polygon idx="2594" />
        <avatar_polygon idx="2595" />
        <avatar_polygon idx="2596" />
        <avatar_polygon idx="2598" />
        <avatar_polygon idx="2599" />
        <avatar_polygon idx="2600" />
        <avatar_polygon idx="2601" />
        <avatar_polygon idx="2602" />
        <avatar_polygon idx="2604" />
        <avatar_polygon idx="2606" />
        <avatar_polygon idx="2607" />
        <avatar_polygon idx="2608" />
        <avatar_polygon idx="2609" />
        <avatar_polygon idx="2610" />
        <avatar_polygon idx="2611" />
        <avatar_polygon idx="2612" />
        <avatar_polygon idx="2614" />
        <avatar_polygon idx="2615" />
        <avatar_polygon idx="2616" />
        <avatar_polygon idx="2618" />
        <avatar_polygon idx="2619" />
        <avatar_polygon idx="2621" />
        <avatar_polygon idx="2622" />
        <avatar_polygon idx="2624" />
        <avatar_polygon idx="2625" />
        <avatar_polygon idx="2626" />
        <avatar_polygon idx="2627" />
        <avatar_polygon idx="2628" />
        <avatar_polygon idx="2630" />
        <avatar_polygon idx="2631" />
        <avatar_polygon idx="2639" />
        <avatar_polygon idx="2641" />
        <avatar_polygon idx="2642" />
        <avatar_polygon idx="2643" />
        <avatar_polygon idx="2644" />
        <avatar_polygon idx="2658" />
        <avatar_polygon idx="2659" />
        <avatar_polygon idx="2661" />
        <avatar_polygon idx="2663" />
        <avatar_polygon idx="2665" />
        <avatar_polygon idx="2666" />
        <avatar_polygon idx="2667" />
        <avatar_polygon idx="2668" />
        <avatar_polygon idx="2669" />
        <avatar_polygon idx="2670" />
        <avatar_polygon idx="2671" />
        <avatar_polygon idx="2672" />
        <avatar_polygon idx="2673" />
        <avatar_polygon idx="2674" />
        <avatar_polygon idx="2675" />
        <avatar_polygon idx="2676" />
        <avatar_polygon idx="2677" />
        <avatar_polygon idx="2684" />
        <avatar_polygon idx="2685" />
        <avatar_polygon idx="2686" />
        <avatar_polygon idx="2687" />
        <avatar_polygon idx="2688" />
        <avatar_polygon idx="2690" />
        <avatar_polygon idx="2691" />
        <avatar_polygon idx="2692" />
        <avatar_polygon idx="2693" />
        <avatar_polygon idx="2694" />
        <avatar_polygon idx="2695" />
        <avatar_polygon idx="2696" />
        <avatar_polygon idx="2697" />
        <avatar_polygon idx="2699" />
        <avatar_polygon idx="2700" />
        <avatar_polygon idx="2701" />
        <avatar_polygon idx="2703" />
        <avatar_polygon idx="2710" />
        <avatar_polygon idx="2711" />
        <avatar_polygon idx="2712" />
        <avatar_polygon idx="2713" />
        <avatar_polygon idx="2714" />
        <avatar_polygon idx="2715" />
        <avatar_polygon idx="2716" />
    </avatar>
</attachment>
