<?xml version="1.0" encoding="utf-8" standalone="yes" ?>
<!-- Attachment data -->
<attachment>
    <mesh name="Fem_hiphop_pants_blue.mesh" linkskeleton="1" />
    <category name="Bottom">
        <bone name="None" />
    </category>
    <avatar name="Kate.mesh">
        <bone name="None" offset="0 0 0" rotation="1 0 0 0" scale="1 1 1" />
        <avatar_polygon idx="88" />
        <avatar_polygon idx="92" />
        <avatar_polygon idx="93" />
        <avatar_polygon idx="94" />
        <avatar_polygon idx="100" />
        <avatar_polygon idx="101" />
        <avatar_polygon idx="102" />
        <avatar_polygon idx="103" />
        <avatar_polygon idx="104" />
        <avatar_polygon idx="105" />
        <avatar_polygon idx="107" />
        <avatar_polygon idx="108" />
        <avatar_polygon idx="109" />
        <avatar_polygon idx="110" />
        <avatar_polygon idx="111" />
        <avatar_polygon idx="112" />
        <avatar_polygon idx="113" />
        <avatar_polygon idx="114" />
        <avatar_polygon idx="115" />
        <avatar_polygon idx="116" />
        <avatar_polygon idx="117" />
        <avatar_polygon idx="118" />
        <avatar_polygon idx="119" />
        <avatar_polygon idx="120" />
        <avatar_polygon idx="121" />
        <avatar_polygon idx="122" />
        <avatar_polygon idx="123" />
        <avatar_polygon idx="124" />
        <avatar_polygon idx="126" />
        <avatar_polygon idx="127" />
        <avatar_polygon idx="128" />
        <avatar_polygon idx="129" />
        <avatar_polygon idx="130" />
        <avatar_polygon idx="131" />
        <avatar_polygon idx="132" />
        <avatar_polygon idx="134" />
        <avatar_polygon idx="135" />
        <avatar_polygon idx="136" />
        <avatar_polygon idx="137" />
        <avatar_polygon idx="138" />
        <avatar_polygon idx="139" />
        <avatar_polygon idx="140" />
        <avatar_polygon idx="142" />
        <avatar_polygon idx="143" />
        <avatar_polygon idx="144" />
        <avatar_polygon idx="145" />
        <avatar_polygon idx="146" />
        <avatar_polygon idx="147" />
        <avatar_polygon idx="148" />
        <avatar_polygon idx="149" />
        <avatar_polygon idx="150" />
        <avatar_polygon idx="151" />
        <avatar_polygon idx="152" />
        <avatar_polygon idx="153" />
        <avatar_polygon idx="154" />
        <avatar_polygon idx="165" />
        <avatar_polygon idx="166" />
        <avatar_polygon idx="167" />
        <avatar_polygon idx="168" />
        <avatar_polygon idx="169" />
        <avatar_polygon idx="170" />
        <avatar_polygon idx="173" />
        <avatar_polygon idx="174" />
        <avatar_polygon idx="175" />
        <avatar_polygon idx="194" />
        <avatar_polygon idx="195" />
        <avatar_polygon idx="196" />
        <avatar_polygon idx="197" />
        <avatar_polygon idx="198" />
        <avatar_polygon idx="199" />
        <avatar_polygon idx="200" />
        <avatar_polygon idx="201" />
        <avatar_polygon idx="202" />
        <avatar_polygon idx="203" />
        <avatar_polygon idx="204" />
        <avatar_polygon idx="215" />
        <avatar_polygon idx="216" />
        <avatar_polygon idx="217" />
        <avatar_polygon idx="218" />
        <avatar_polygon idx="219" />
        <avatar_polygon idx="220" />
        <avatar_polygon idx="221" />
        <avatar_polygon idx="222" />
        <avatar_polygon idx="223" />
        <avatar_polygon idx="224" />
        <avatar_polygon idx="225" />
        <avatar_polygon idx="226" />
        <avatar_polygon idx="227" />
        <avatar_polygon idx="242" />
        <avatar_polygon idx="243" />
        <avatar_polygon idx="244" />
        <avatar_polygon idx="245" />
        <avatar_polygon idx="246" />
        <avatar_polygon idx="247" />
        <avatar_polygon idx="248" />
        <avatar_polygon idx="249" />
        <avatar_polygon idx="250" />
        <avatar_polygon idx="251" />
        <avatar_polygon idx="252" />
        <avatar_polygon idx="253" />
        <avatar_polygon idx="254" />
        <avatar_polygon idx="255" />
        <avatar_polygon idx="256" />
        <avatar_polygon idx="257" />
        <avatar_polygon idx="258" />
        <avatar_polygon idx="259" />
        <avatar_polygon idx="260" />
        <avatar_polygon idx="261" />
        <avatar_polygon idx="263" />
        <avatar_polygon idx="264" />
        <avatar_polygon idx="265" />
        <avatar_polygon idx="266" />
        <avatar_polygon idx="267" />
        <avatar_polygon idx="268" />
        <avatar_polygon idx="269" />
        <avatar_polygon idx="270" />
        <avatar_polygon idx="271" />
        <avatar_polygon idx="273" />
        <avatar_polygon idx="274" />
        <avatar_polygon idx="275" />
        <avatar_polygon idx="276" />
        <avatar_polygon idx="277" />
        <avatar_polygon idx="278" />
        <avatar_polygon idx="279" />
        <avatar_polygon idx="280" />
        <avatar_polygon idx="281" />
        <avatar_polygon idx="282" />
        <avatar_polygon idx="283" />
        <avatar_polygon idx="284" />
        <avatar_polygon idx="285" />
        <avatar_polygon idx="286" />
        <avatar_polygon idx="287" />
        <avatar_polygon idx="288" />
        <avatar_polygon idx="290" />
        <avatar_polygon idx="291" />
        <avatar_polygon idx="292" />
        <avatar_polygon idx="293" />
        <avatar_polygon idx="294" />
        <avatar_polygon idx="296" />
        <avatar_polygon idx="297" />
        <avatar_polygon idx="298" />
        <avatar_polygon idx="299" />
        <avatar_polygon idx="300" />
        <avatar_polygon idx="301" />
        <avatar_polygon idx="302" />
        <avatar_polygon idx="303" />
        <avatar_polygon idx="304" />
        <avatar_polygon idx="305" />
        <avatar_polygon idx="306" />
        <avatar_polygon idx="307" />
        <avatar_polygon idx="308" />
        <avatar_polygon idx="309" />
        <avatar_polygon idx="310" />
        <avatar_polygon idx="313" />
        <avatar_polygon idx="314" />
        <avatar_polygon idx="317" />
        <avatar_polygon idx="319" />
        <avatar_polygon idx="320" />
        <avatar_polygon idx="335" />
        <avatar_polygon idx="407" />
        <avatar_polygon idx="408" />
        <avatar_polygon idx="409" />
        <avatar_polygon idx="410" />
        <avatar_polygon idx="411" />
        <avatar_polygon idx="412" />
        <avatar_polygon idx="413" />
        <avatar_polygon idx="414" />
        <avatar_polygon idx="415" />
        <avatar_polygon idx="416" />
        <avatar_polygon idx="420" />
        <avatar_polygon idx="421" />
        <avatar_polygon idx="422" />
        <avatar_polygon idx="423" />
        <avatar_polygon idx="424" />
        <avatar_polygon idx="425" />
        <avatar_polygon idx="1265" />
        <avatar_polygon idx="1266" />
        <avatar_polygon idx="1267" />
        <avatar_polygon idx="1268" />
        <avatar_polygon idx="1334" />
        <avatar_polygon idx="1335" />
        <avatar_polygon idx="1336" />
        <avatar_polygon idx="1337" />
        <avatar_polygon idx="1338" />
        <avatar_polygon idx="1339" />
        <avatar_polygon idx="1345" />
        <avatar_polygon idx="1462" />
        <avatar_polygon idx="1466" />
        <avatar_polygon idx="1469" />
        <avatar_polygon idx="1474" />
        <avatar_polygon idx="1475" />
        <avatar_polygon idx="1476" />
        <avatar_polygon idx="1477" />
        <avatar_polygon idx="1478" />
        <avatar_polygon idx="1479" />
        <avatar_polygon idx="1481" />
        <avatar_polygon idx="1482" />
        <avatar_polygon idx="1483" />
        <avatar_polygon idx="1484" />
        <avatar_polygon idx="1485" />
        <avatar_polygon idx="1486" />
        <avatar_polygon idx="1487" />
        <avatar_polygon idx="1488" />
        <avatar_polygon idx="1489" />
        <avatar_polygon idx="1490" />
        <avatar_polygon idx="1491" />
        <avatar_polygon idx="1492" />
        <avatar_polygon idx="1493" />
        <avatar_polygon idx="1494" />
        <avatar_polygon idx="1495" />
        <avatar_polygon idx="1496" />
        <avatar_polygon idx="1497" />
        <avatar_polygon idx="1498" />
        <avatar_polygon idx="1499" />
        <avatar_polygon idx="1500" />
        <avatar_polygon idx="1502" />
        <avatar_polygon idx="1503" />
        <avatar_polygon idx="1504" />
        <avatar_polygon idx="1505" />
        <avatar_polygon idx="1506" />
        <avatar_polygon idx="1507" />
        <avatar_polygon idx="1508" />
        <avatar_polygon idx="1510" />
        <avatar_polygon idx="1511" />
        <avatar_polygon idx="1512" />
        <avatar_polygon idx="1513" />
        <avatar_polygon idx="1514" />
        <avatar_polygon idx="1515" />
        <avatar_polygon idx="1516" />
        <avatar_polygon idx="1518" />
        <avatar_polygon idx="1519" />
        <avatar_polygon idx="1520" />
        <avatar_polygon idx="1521" />
        <avatar_polygon idx="1522" />
        <avatar_polygon idx="1523" />
        <avatar_polygon idx="1524" />
        <avatar_polygon idx="1525" />
        <avatar_polygon idx="1526" />
        <avatar_polygon idx="1527" />
        <avatar_polygon idx="1528" />
        <avatar_polygon idx="1538" />
        <avatar_polygon idx="1540" />
        <avatar_polygon idx="1541" />
        <avatar_polygon idx="1542" />
        <avatar_polygon idx="1543" />
        <avatar_polygon idx="1544" />
        <avatar_polygon idx="1546" />
        <avatar_polygon idx="1547" />
        <avatar_polygon idx="1548" />
        <avatar_polygon idx="1549" />
        <avatar_polygon idx="1568" />
        <avatar_polygon idx="1569" />
        <avatar_polygon idx="1570" />
        <avatar_polygon idx="1571" />
        <avatar_polygon idx="1572" />
        <avatar_polygon idx="1573" />
        <avatar_polygon idx="1574" />
        <avatar_polygon idx="1575" />
        <avatar_polygon idx="1576" />
        <avatar_polygon idx="1578" />
        <avatar_polygon idx="1579" />
        <avatar_polygon idx="1589" />
        <avatar_polygon idx="1590" />
        <avatar_polygon idx="1591" />
        <avatar_polygon idx="1592" />
        <avatar_polygon idx="1593" />
        <avatar_polygon idx="1594" />
        <avatar_polygon idx="1595" />
        <avatar_polygon idx="1596" />
        <avatar_polygon idx="1597" />
        <avatar_polygon idx="1598" />
        <avatar_polygon idx="1599" />
        <avatar_polygon idx="1600" />
        <avatar_polygon idx="1616" />
        <avatar_polygon idx="1617" />
        <avatar_polygon idx="1618" />
        <avatar_polygon idx="1619" />
        <avatar_polygon idx="1620" />
        <avatar_polygon idx="1621" />
        <avatar_polygon idx="1622" />
        <avatar_polygon idx="1623" />
        <avatar_polygon idx="1624" />
        <avatar_polygon idx="1625" />
        <avatar_polygon idx="1626" />
        <avatar_polygon idx="1627" />
        <avatar_polygon idx="1628" />
        <avatar_polygon idx="1629" />
        <avatar_polygon idx="1630" />
        <avatar_polygon idx="1631" />
        <avatar_polygon idx="1632" />
        <avatar_polygon idx="1633" />
        <avatar_polygon idx="1634" />
        <avatar_polygon idx="1635" />
        <avatar_polygon idx="1636" />
        <avatar_polygon idx="1637" />
        <avatar_polygon idx="1639" />
        <avatar_polygon idx="1640" />
        <avatar_polygon idx="1641" />
        <avatar_polygon idx="1642" />
        <avatar_polygon idx="1643" />
        <avatar_polygon idx="1644" />
        <avatar_polygon idx="1645" />
        <avatar_polygon idx="1647" />
        <avatar_polygon idx="1648" />
        <avatar_polygon idx="1649" />
        <avatar_polygon idx="1650" />
        <avatar_polygon idx="1651" />
        <avatar_polygon idx="1652" />
        <avatar_polygon idx="1653" />
        <avatar_polygon idx="1654" />
        <avatar_polygon idx="1655" />
        <avatar_polygon idx="1656" />
        <avatar_polygon idx="1657" />
        <avatar_polygon idx="1658" />
        <avatar_polygon idx="1659" />
        <avatar_polygon idx="1660" />
        <avatar_polygon idx="1661" />
        <avatar_polygon idx="1662" />
        <avatar_polygon idx="1663" />
        <avatar_polygon idx="1664" />
        <avatar_polygon idx="1665" />
        <avatar_polygon idx="1666" />
        <avatar_polygon idx="1667" />
        <avatar_polygon idx="1668" />
        <avatar_polygon idx="1670" />
        <avatar_polygon idx="1671" />
        <avatar_polygon idx="1672" />
        <avatar_polygon idx="1673" />
        <avatar_polygon idx="1674" />
        <avatar_polygon idx="1675" />
        <avatar_polygon idx="1676" />
        <avatar_polygon idx="1677" />
        <avatar_polygon idx="1678" />
        <avatar_polygon idx="1679" />
        <avatar_polygon idx="1680" />
        <avatar_polygon idx="1683" />
        <avatar_polygon idx="1684" />
        <avatar_polygon idx="1688" />
        <avatar_polygon idx="1689" />
        <avatar_polygon idx="1690" />
        <avatar_polygon idx="1778" />
        <avatar_polygon idx="1779" />
        <avatar_polygon idx="1780" />
        <avatar_polygon idx="1781" />
        <avatar_polygon idx="1782" />
        <avatar_polygon idx="1783" />
        <avatar_polygon idx="1784" />
        <avatar_polygon idx="1785" />
        <avatar_polygon idx="1786" />
        <avatar_polygon idx="1787" />
        <avatar_polygon idx="1791" />
        <avatar_polygon idx="1792" />
        <avatar_polygon idx="1793" />
        <avatar_polygon idx="1794" />
        <avatar_polygon idx="1795" />
        <avatar_polygon idx="1796" />
        <avatar_polygon idx="2632" />
        <avatar_polygon idx="2633" />
        <avatar_polygon idx="2634" />
        <avatar_polygon idx="2635" />
        <avatar_polygon idx="2704" />
        <avatar_polygon idx="2705" />
        <avatar_polygon idx="2706" />
        <avatar_polygon idx="2707" />
        <avatar_polygon idx="2708" />
    </avatar>
</attachment>
