<?xml version="1.0" encoding="utf-8" standalone="yes" ?>
<!-- Attachment data -->
<attachment>
    <mesh name="ponytail2.mesh" linkskeleton="0" />
    <category name="Hair">
        <bone name="Bip01_Head" />
    </category>
    <avatar name="Kate.mesh">
        <bone name="Bip01_Head" offset="0.0334425 -0.0566781 -0.00878755" rotation="0.5 -0.5 -0.5 -0.5" scale="0.95 0.95 0.95" />
        <bone name="Face_root01" offset="-0.0105592 -0.050294 0.00840145" rotation="0.707107 0 0.707107 0" scale="0.93 0.93 0.93" />
    </avatar>
</attachment>
