<?xml version="1.0" encoding="utf-8" standalone="yes" ?>
<!-- Attachment data -->
<attachment>
    <mesh name="neckless1.mesh" linkskeleton="0" />
    <category name="HeadAccessory">
        <bone name="Bip01_Head" />
    </category>
    <avatar name="Kate.mesh">
        <bone name="Bip01_Head" offset="-0.0938792 0.0648772 -0.00472891" rotation="1 -0 0 0" scale="1.1 1.1 1.1" />
        <bone name="Bip01_Neck" offset="-0.00384854 0.0301236 0.00127536" rotation="1 -0 0 0" scale="1 1 1" />
    </avatar>
</attachment>
