<?xml version="1.0" encoding="utf-8" standalone="yes" ?>
<!-- Attachment data -->
<attachment>
    <mesh name="Male_hiphop_trousers_brown.mesh" linkskeleton="1" />
    <category name="Bottom">
        <bone name="None" />
    </category>
    <avatar name="Jack.mesh">
        <bone name="None" offset="0 0 0" rotation="1 0 0 0" scale="1 1 1" />
        <avatar_polygon idx="51" />
        <avatar_polygon idx="52" />
        <avatar_polygon idx="53" />
        <avatar_polygon idx="54" />
        <avatar_polygon idx="55" />
        <avatar_polygon idx="58" />
        <avatar_polygon idx="67" />
        <avatar_polygon idx="68" />
        <avatar_polygon idx="69" />
        <avatar_polygon idx="70" />
        <avatar_polygon idx="71" />
        <avatar_polygon idx="74" />
        <avatar_polygon idx="75" />
        <avatar_polygon idx="76" />
        <avatar_polygon idx="77" />
        <avatar_polygon idx="103" />
        <avatar_polygon idx="104" />
        <avatar_polygon idx="219" />
        <avatar_polygon idx="220" />
        <avatar_polygon idx="221" />
        <avatar_polygon idx="222" />
        <avatar_polygon idx="223" />
        <avatar_polygon idx="224" />
        <avatar_polygon idx="225" />
        <avatar_polygon idx="230" />
        <avatar_polygon idx="231" />
        <avatar_polygon idx="232" />
        <avatar_polygon idx="381" />
        <avatar_polygon idx="383" />
        <avatar_polygon idx="384" />
        <avatar_polygon idx="580" />
        <avatar_polygon idx="581" />
        <avatar_polygon idx="582" />
        <avatar_polygon idx="583" />
        <avatar_polygon idx="584" />
        <avatar_polygon idx="585" />
        <avatar_polygon idx="588" />
        <avatar_polygon idx="589" />
        <avatar_polygon idx="590" />
        <avatar_polygon idx="591" />
        <avatar_polygon idx="592" />
        <avatar_polygon idx="593" />
        <avatar_polygon idx="594" />
        <avatar_polygon idx="596" />
        <avatar_polygon idx="597" />
        <avatar_polygon idx="598" />
        <avatar_polygon idx="599" />
        <avatar_polygon idx="600" />
        <avatar_polygon idx="601" />
        <avatar_polygon idx="602" />
        <avatar_polygon idx="604" />
        <avatar_polygon idx="605" />
        <avatar_polygon idx="606" />
        <avatar_polygon idx="607" />
        <avatar_polygon idx="608" />
        <avatar_polygon idx="609" />
        <avatar_polygon idx="610" />
        <avatar_polygon idx="611" />
        <avatar_polygon idx="612" />
        <avatar_polygon idx="613" />
        <avatar_polygon idx="614" />
        <avatar_polygon idx="615" />
        <avatar_polygon idx="616" />
        <avatar_polygon idx="617" />
        <avatar_polygon idx="618" />
        <avatar_polygon idx="620" />
        <avatar_polygon idx="621" />
        <avatar_polygon idx="622" />
        <avatar_polygon idx="623" />
        <avatar_polygon idx="624" />
        <avatar_polygon idx="625" />
        <avatar_polygon idx="626" />
        <avatar_polygon idx="627" />
        <avatar_polygon idx="628" />
        <avatar_polygon idx="629" />
        <avatar_polygon idx="631" />
        <avatar_polygon idx="632" />
        <avatar_polygon idx="633" />
        <avatar_polygon idx="634" />
        <avatar_polygon idx="635" />
        <avatar_polygon idx="636" />
        <avatar_polygon idx="637" />
        <avatar_polygon idx="638" />
        <avatar_polygon idx="639" />
        <avatar_polygon idx="640" />
        <avatar_polygon idx="641" />
        <avatar_polygon idx="642" />
        <avatar_polygon idx="643" />
        <avatar_polygon idx="644" />
        <avatar_polygon idx="645" />
        <avatar_polygon idx="646" />
        <avatar_polygon idx="647" />
        <avatar_polygon idx="648" />
        <avatar_polygon idx="649" />
        <avatar_polygon idx="650" />
        <avatar_polygon idx="651" />
        <avatar_polygon idx="652" />
        <avatar_polygon idx="653" />
        <avatar_polygon idx="654" />
        <avatar_polygon idx="655" />
        <avatar_polygon idx="657" />
        <avatar_polygon idx="658" />
        <avatar_polygon idx="659" />
        <avatar_polygon idx="660" />
        <avatar_polygon idx="661" />
        <avatar_polygon idx="662" />
        <avatar_polygon idx="663" />
        <avatar_polygon idx="664" />
        <avatar_polygon idx="665" />
        <avatar_polygon idx="666" />
        <avatar_polygon idx="667" />
        <avatar_polygon idx="668" />
        <avatar_polygon idx="669" />
        <avatar_polygon idx="670" />
        <avatar_polygon idx="671" />
        <avatar_polygon idx="672" />
        <avatar_polygon idx="673" />
        <avatar_polygon idx="674" />
        <avatar_polygon idx="675" />
        <avatar_polygon idx="676" />
        <avatar_polygon idx="677" />
        <avatar_polygon idx="678" />
        <avatar_polygon idx="679" />
        <avatar_polygon idx="680" />
        <avatar_polygon idx="681" />
        <avatar_polygon idx="682" />
        <avatar_polygon idx="685" />
        <avatar_polygon idx="686" />
        <avatar_polygon idx="687" />
        <avatar_polygon idx="688" />
        <avatar_polygon idx="689" />
        <avatar_polygon idx="690" />
        <avatar_polygon idx="691" />
        <avatar_polygon idx="692" />
        <avatar_polygon idx="694" />
        <avatar_polygon idx="695" />
        <avatar_polygon idx="698" />
        <avatar_polygon idx="699" />
        <avatar_polygon idx="700" />
        <avatar_polygon idx="701" />
        <avatar_polygon idx="702" />
        <avatar_polygon idx="703" />
        <avatar_polygon idx="704" />
        <avatar_polygon idx="705" />
        <avatar_polygon idx="707" />
        <avatar_polygon idx="743" />
        <avatar_polygon idx="744" />
        <avatar_polygon idx="745" />
        <avatar_polygon idx="746" />
        <avatar_polygon idx="747" />
        <avatar_polygon idx="748" />
        <avatar_polygon idx="749" />
        <avatar_polygon idx="750" />
        <avatar_polygon idx="751" />
        <avatar_polygon idx="753" />
        <avatar_polygon idx="754" />
        <avatar_polygon idx="755" />
        <avatar_polygon idx="756" />
        <avatar_polygon idx="757" />
        <avatar_polygon idx="758" />
        <avatar_polygon idx="759" />
        <avatar_polygon idx="760" />
        <avatar_polygon idx="761" />
        <avatar_polygon idx="762" />
        <avatar_polygon idx="763" />
        <avatar_polygon idx="764" />
        <avatar_polygon idx="765" />
        <avatar_polygon idx="766" />
        <avatar_polygon idx="767" />
        <avatar_polygon idx="768" />
        <avatar_polygon idx="769" />
        <avatar_polygon idx="770" />
        <avatar_polygon idx="1211" />
        <avatar_polygon idx="1261" />
        <avatar_polygon idx="1263" />
        <avatar_polygon idx="1264" />
        <avatar_polygon idx="1265" />
        <avatar_polygon idx="1266" />
        <avatar_polygon idx="1277" />
        <avatar_polygon idx="1278" />
        <avatar_polygon idx="1281" />
        <avatar_polygon idx="1283" />
        <avatar_polygon idx="1291" />
        <avatar_polygon idx="1292" />
        <avatar_polygon idx="1293" />
        <avatar_polygon idx="1294" />
        <avatar_polygon idx="1296" />
        <avatar_polygon idx="1360" />
        <avatar_polygon idx="1361" />
        <avatar_polygon idx="1362" />
        <avatar_polygon idx="1403" />
        <avatar_polygon idx="1404" />
        <avatar_polygon idx="1405" />
        <avatar_polygon idx="1479" />
        <avatar_polygon idx="1480" />
        <avatar_polygon idx="1481" />
        <avatar_polygon idx="1482" />
        <avatar_polygon idx="1484" />
        <avatar_polygon idx="1496" />
        <avatar_polygon idx="1497" />
        <avatar_polygon idx="1498" />
        <avatar_polygon idx="1499" />
        <avatar_polygon idx="1502" />
        <avatar_polygon idx="1503" />
        <avatar_polygon idx="1504" />
        <avatar_polygon idx="1534" />
        <avatar_polygon idx="1535" />
        <avatar_polygon idx="1643" />
        <avatar_polygon idx="1644" />
        <avatar_polygon idx="1645" />
        <avatar_polygon idx="1646" />
        <avatar_polygon idx="1647" />
        <avatar_polygon idx="1651" />
        <avatar_polygon idx="1652" />
        <avatar_polygon idx="1653" />
        <avatar_polygon idx="1799" />
        <avatar_polygon idx="1801" />
        <avatar_polygon idx="2000" />
        <avatar_polygon idx="2001" />
        <avatar_polygon idx="2002" />
        <avatar_polygon idx="2003" />
        <avatar_polygon idx="2004" />
        <avatar_polygon idx="2007" />
        <avatar_polygon idx="2008" />
        <avatar_polygon idx="2010" />
        <avatar_polygon idx="2011" />
        <avatar_polygon idx="2012" />
        <avatar_polygon idx="2013" />
        <avatar_polygon idx="2015" />
        <avatar_polygon idx="2016" />
        <avatar_polygon idx="2017" />
        <avatar_polygon idx="2018" />
        <avatar_polygon idx="2019" />
        <avatar_polygon idx="2020" />
        <avatar_polygon idx="2022" />
        <avatar_polygon idx="2023" />
        <avatar_polygon idx="2024" />
        <avatar_polygon idx="2025" />
        <avatar_polygon idx="2026" />
        <avatar_polygon idx="2027" />
        <avatar_polygon idx="2028" />
        <avatar_polygon idx="2029" />
        <avatar_polygon idx="2030" />
        <avatar_polygon idx="2031" />
        <avatar_polygon idx="2032" />
        <avatar_polygon idx="2033" />
        <avatar_polygon idx="2034" />
        <avatar_polygon idx="2035" />
        <avatar_polygon idx="2036" />
        <avatar_polygon idx="2037" />
        <avatar_polygon idx="2038" />
        <avatar_polygon idx="2040" />
        <avatar_polygon idx="2041" />
        <avatar_polygon idx="2042" />
        <avatar_polygon idx="2043" />
        <avatar_polygon idx="2044" />
        <avatar_polygon idx="2045" />
        <avatar_polygon idx="2046" />
        <avatar_polygon idx="2047" />
        <avatar_polygon idx="2048" />
        <avatar_polygon idx="2049" />
        <avatar_polygon idx="2050" />
        <avatar_polygon idx="2052" />
        <avatar_polygon idx="2053" />
        <avatar_polygon idx="2054" />
        <avatar_polygon idx="2055" />
        <avatar_polygon idx="2056" />
        <avatar_polygon idx="2057" />
        <avatar_polygon idx="2058" />
        <avatar_polygon idx="2059" />
        <avatar_polygon idx="2060" />
        <avatar_polygon idx="2061" />
        <avatar_polygon idx="2062" />
        <avatar_polygon idx="2063" />
        <avatar_polygon idx="2064" />
        <avatar_polygon idx="2065" />
        <avatar_polygon idx="2066" />
        <avatar_polygon idx="2067" />
        <avatar_polygon idx="2068" />
        <avatar_polygon idx="2069" />
        <avatar_polygon idx="2070" />
        <avatar_polygon idx="2071" />
        <avatar_polygon idx="2072" />
        <avatar_polygon idx="2073" />
        <avatar_polygon idx="2074" />
        <avatar_polygon idx="2075" />
        <avatar_polygon idx="2076" />
        <avatar_polygon idx="2078" />
        <avatar_polygon idx="2079" />
        <avatar_polygon idx="2080" />
        <avatar_polygon idx="2081" />
        <avatar_polygon idx="2082" />
        <avatar_polygon idx="2083" />
        <avatar_polygon idx="2084" />
        <avatar_polygon idx="2085" />
        <avatar_polygon idx="2086" />
        <avatar_polygon idx="2087" />
        <avatar_polygon idx="2088" />
        <avatar_polygon idx="2089" />
        <avatar_polygon idx="2090" />
        <avatar_polygon idx="2091" />
        <avatar_polygon idx="2092" />
        <avatar_polygon idx="2093" />
        <avatar_polygon idx="2094" />
        <avatar_polygon idx="2095" />
        <avatar_polygon idx="2096" />
        <avatar_polygon idx="2097" />
        <avatar_polygon idx="2098" />
        <avatar_polygon idx="2099" />
        <avatar_polygon idx="2100" />
        <avatar_polygon idx="2101" />
        <avatar_polygon idx="2102" />
        <avatar_polygon idx="2103" />
        <avatar_polygon idx="2104" />
        <avatar_polygon idx="2105" />
        <avatar_polygon idx="2106" />
        <avatar_polygon idx="2107" />
        <avatar_polygon idx="2108" />
        <avatar_polygon idx="2109" />
        <avatar_polygon idx="2110" />
        <avatar_polygon idx="2111" />
        <avatar_polygon idx="2112" />
        <avatar_polygon idx="2113" />
        <avatar_polygon idx="2114" />
        <avatar_polygon idx="2115" />
        <avatar_polygon idx="2116" />
        <avatar_polygon idx="2117" />
        <avatar_polygon idx="2118" />
        <avatar_polygon idx="2120" />
        <avatar_polygon idx="2121" />
        <avatar_polygon idx="2122" />
        <avatar_polygon idx="2123" />
        <avatar_polygon idx="2124" />
        <avatar_polygon idx="2125" />
        <avatar_polygon idx="2126" />
        <avatar_polygon idx="2163" />
        <avatar_polygon idx="2164" />
        <avatar_polygon idx="2165" />
        <avatar_polygon idx="2166" />
        <avatar_polygon idx="2167" />
        <avatar_polygon idx="2168" />
        <avatar_polygon idx="2169" />
        <avatar_polygon idx="2170" />
        <avatar_polygon idx="2172" />
        <avatar_polygon idx="2173" />
        <avatar_polygon idx="2174" />
        <avatar_polygon idx="2175" />
        <avatar_polygon idx="2176" />
        <avatar_polygon idx="2177" />
        <avatar_polygon idx="2178" />
        <avatar_polygon idx="2179" />
        <avatar_polygon idx="2180" />
        <avatar_polygon idx="2181" />
        <avatar_polygon idx="2182" />
        <avatar_polygon idx="2183" />
        <avatar_polygon idx="2184" />
        <avatar_polygon idx="2185" />
        <avatar_polygon idx="2186" />
        <avatar_polygon idx="2187" />
        <avatar_polygon idx="2188" />
        <avatar_polygon idx="2189" />
        <avatar_polygon idx="2190" />
        <avatar_polygon idx="2676" />
        <avatar_polygon idx="2678" />
        <avatar_polygon idx="2679" />
        <avatar_polygon idx="2680" />
        <avatar_polygon idx="2681" />
        <avatar_polygon idx="2692" />
        <avatar_polygon idx="2693" />
        <avatar_polygon idx="2698" />
        <avatar_polygon idx="2703" />
        <avatar_polygon idx="2704" />
        <avatar_polygon idx="2705" />
        <avatar_polygon idx="2759" />
        <avatar_polygon idx="2760" />
        <avatar_polygon idx="2761" />
    </avatar>
</attachment>
