<?xml version="1.0" encoding="utf-8" standalone="yes" ?>
<!-- Attachment data -->
<attachment>
    <mesh name="malehair3.mesh" linkskeleton="0" />
    <category name="Hair">
        <bone name="Bip01_Head" />
    </category>
    <avatar name="Jack.mesh">
        <bone name="Bip01_Head" offset="0.230211 -0.0641168 0.000825044" rotation="0.998135 0 0 -0.0610485" scale="1.07 1.07 1.07" />
        <bone name="None" offset="0 0 0" rotation="1 0 0 0" scale="1 1 1" />
    </avatar>
</attachment>
