<?xml version="1.0" encoding="utf-8" standalone="yes" ?>
<!-- Attachment data -->
<attachment>
    <mesh name="Male_hiphop_jacket_redgreen.mesh" linkskeleton="1" />
    <category name="Top">
        <bone name="None" />
    </category>
    <avatar name="Jack.mesh">
        <bone name="None" offset="0 0 0" rotation="1 0 0 0" scale="1 1 1" />
        <avatar_polygon idx="0" />
        <avatar_polygon idx="1" />
        <avatar_polygon idx="2" />
        <avatar_polygon idx="4" />
        <avatar_polygon idx="5" />
        <avatar_polygon idx="6" />
        <avatar_polygon idx="7" />
        <avatar_polygon idx="8" />
        <avatar_polygon idx="9" />
        <avatar_polygon idx="11" />
        <avatar_polygon idx="12" />
        <avatar_polygon idx="13" />
        <avatar_polygon idx="14" />
        <avatar_polygon idx="15" />
        <avatar_polygon idx="16" />
        <avatar_polygon idx="18" />
        <avatar_polygon idx="19" />
        <avatar_polygon idx="20" />
        <avatar_polygon idx="21" />
        <avatar_polygon idx="22" />
        <avatar_polygon idx="23" />
        <avatar_polygon idx="24" />
        <avatar_polygon idx="25" />
        <avatar_polygon idx="26" />
        <avatar_polygon idx="28" />
        <avatar_polygon idx="29" />
        <avatar_polygon idx="30" />
        <avatar_polygon idx="31" />
        <avatar_polygon idx="32" />
        <avatar_polygon idx="33" />
        <avatar_polygon idx="34" />
        <avatar_polygon idx="36" />
        <avatar_polygon idx="37" />
        <avatar_polygon idx="38" />
        <avatar_polygon idx="39" />
        <avatar_polygon idx="40" />
        <avatar_polygon idx="41" />
        <avatar_polygon idx="42" />
        <avatar_polygon idx="43" />
        <avatar_polygon idx="44" />
        <avatar_polygon idx="45" />
        <avatar_polygon idx="46" />
        <avatar_polygon idx="47" />
        <avatar_polygon idx="48" />
        <avatar_polygon idx="49" />
        <avatar_polygon idx="50" />
        <avatar_polygon idx="72" />
        <avatar_polygon idx="73" />
        <avatar_polygon idx="78" />
        <avatar_polygon idx="79" />
        <avatar_polygon idx="80" />
        <avatar_polygon idx="81" />
        <avatar_polygon idx="82" />
        <avatar_polygon idx="83" />
        <avatar_polygon idx="84" />
        <avatar_polygon idx="90" />
        <avatar_polygon idx="98" />
        <avatar_polygon idx="99" />
        <avatar_polygon idx="100" />
        <avatar_polygon idx="101" />
        <avatar_polygon idx="102" />
        <avatar_polygon idx="106" />
        <avatar_polygon idx="107" />
        <avatar_polygon idx="108" />
        <avatar_polygon idx="109" />
        <avatar_polygon idx="110" />
        <avatar_polygon idx="112" />
        <avatar_polygon idx="113" />
        <avatar_polygon idx="114" />
        <avatar_polygon idx="115" />
        <avatar_polygon idx="116" />
        <avatar_polygon idx="117" />
        <avatar_polygon idx="118" />
        <avatar_polygon idx="119" />
        <avatar_polygon idx="120" />
        <avatar_polygon idx="121" />
        <avatar_polygon idx="122" />
        <avatar_polygon idx="123" />
        <avatar_polygon idx="124" />
        <avatar_polygon idx="125" />
        <avatar_polygon idx="126" />
        <avatar_polygon idx="127" />
        <avatar_polygon idx="128" />
        <avatar_polygon idx="129" />
        <avatar_polygon idx="130" />
        <avatar_polygon idx="131" />
        <avatar_polygon idx="132" />
        <avatar_polygon idx="133" />
        <avatar_polygon idx="134" />
        <avatar_polygon idx="135" />
        <avatar_polygon idx="136" />
        <avatar_polygon idx="137" />
        <avatar_polygon idx="138" />
        <avatar_polygon idx="139" />
        <avatar_polygon idx="140" />
        <avatar_polygon idx="141" />
        <avatar_polygon idx="142" />
        <avatar_polygon idx="143" />
        <avatar_polygon idx="144" />
        <avatar_polygon idx="145" />
        <avatar_polygon idx="146" />
        <avatar_polygon idx="148" />
        <avatar_polygon idx="149" />
        <avatar_polygon idx="150" />
        <avatar_polygon idx="151" />
        <avatar_polygon idx="152" />
        <avatar_polygon idx="153" />
        <avatar_polygon idx="154" />
        <avatar_polygon idx="155" />
        <avatar_polygon idx="156" />
        <avatar_polygon idx="157" />
        <avatar_polygon idx="158" />
        <avatar_polygon idx="159" />
        <avatar_polygon idx="160" />
        <avatar_polygon idx="161" />
        <avatar_polygon idx="162" />
        <avatar_polygon idx="163" />
        <avatar_polygon idx="164" />
        <avatar_polygon idx="165" />
        <avatar_polygon idx="166" />
        <avatar_polygon idx="167" />
        <avatar_polygon idx="168" />
        <avatar_polygon idx="169" />
        <avatar_polygon idx="170" />
        <avatar_polygon idx="171" />
        <avatar_polygon idx="172" />
        <avatar_polygon idx="173" />
        <avatar_polygon idx="174" />
        <avatar_polygon idx="175" />
        <avatar_polygon idx="176" />
        <avatar_polygon idx="177" />
        <avatar_polygon idx="178" />
        <avatar_polygon idx="199" />
        <avatar_polygon idx="200" />
        <avatar_polygon idx="201" />
        <avatar_polygon idx="202" />
        <avatar_polygon idx="203" />
        <avatar_polygon idx="204" />
        <avatar_polygon idx="205" />
        <avatar_polygon idx="206" />
        <avatar_polygon idx="207" />
        <avatar_polygon idx="208" />
        <avatar_polygon idx="209" />
        <avatar_polygon idx="210" />
        <avatar_polygon idx="211" />
        <avatar_polygon idx="212" />
        <avatar_polygon idx="213" />
        <avatar_polygon idx="214" />
        <avatar_polygon idx="218" />
        <avatar_polygon idx="226" />
        <avatar_polygon idx="227" />
        <avatar_polygon idx="228" />
        <avatar_polygon idx="229" />
        <avatar_polygon idx="305" />
        <avatar_polygon idx="306" />
        <avatar_polygon idx="307" />
        <avatar_polygon idx="308" />
        <avatar_polygon idx="309" />
        <avatar_polygon idx="310" />
        <avatar_polygon idx="311" />
        <avatar_polygon idx="312" />
        <avatar_polygon idx="313" />
        <avatar_polygon idx="314" />
        <avatar_polygon idx="315" />
        <avatar_polygon idx="316" />
        <avatar_polygon idx="317" />
        <avatar_polygon idx="318" />
        <avatar_polygon idx="319" />
        <avatar_polygon idx="320" />
        <avatar_polygon idx="321" />
        <avatar_polygon idx="322" />
        <avatar_polygon idx="324" />
        <avatar_polygon idx="325" />
        <avatar_polygon idx="326" />
        <avatar_polygon idx="327" />
        <avatar_polygon idx="328" />
        <avatar_polygon idx="329" />
        <avatar_polygon idx="330" />
        <avatar_polygon idx="331" />
        <avatar_polygon idx="332" />
        <avatar_polygon idx="333" />
        <avatar_polygon idx="334" />
        <avatar_polygon idx="335" />
        <avatar_polygon idx="336" />
        <avatar_polygon idx="337" />
        <avatar_polygon idx="338" />
        <avatar_polygon idx="339" />
        <avatar_polygon idx="340" />
        <avatar_polygon idx="341" />
        <avatar_polygon idx="342" />
        <avatar_polygon idx="343" />
        <avatar_polygon idx="344" />
        <avatar_polygon idx="345" />
        <avatar_polygon idx="346" />
        <avatar_polygon idx="347" />
        <avatar_polygon idx="348" />
        <avatar_polygon idx="349" />
        <avatar_polygon idx="350" />
        <avatar_polygon idx="351" />
        <avatar_polygon idx="352" />
        <avatar_polygon idx="353" />
        <avatar_polygon idx="355" />
        <avatar_polygon idx="356" />
        <avatar_polygon idx="358" />
        <avatar_polygon idx="359" />
        <avatar_polygon idx="360" />
        <avatar_polygon idx="361" />
        <avatar_polygon idx="362" />
        <avatar_polygon idx="363" />
        <avatar_polygon idx="364" />
        <avatar_polygon idx="365" />
        <avatar_polygon idx="366" />
        <avatar_polygon idx="367" />
        <avatar_polygon idx="368" />
        <avatar_polygon idx="369" />
        <avatar_polygon idx="370" />
        <avatar_polygon idx="371" />
        <avatar_polygon idx="372" />
        <avatar_polygon idx="373" />
        <avatar_polygon idx="374" />
        <avatar_polygon idx="375" />
        <avatar_polygon idx="376" />
        <avatar_polygon idx="377" />
        <avatar_polygon idx="378" />
        <avatar_polygon idx="385" />
        <avatar_polygon idx="386" />
        <avatar_polygon idx="387" />
        <avatar_polygon idx="388" />
        <avatar_polygon idx="389" />
        <avatar_polygon idx="390" />
        <avatar_polygon idx="391" />
        <avatar_polygon idx="392" />
        <avatar_polygon idx="393" />
        <avatar_polygon idx="394" />
        <avatar_polygon idx="395" />
        <avatar_polygon idx="396" />
        <avatar_polygon idx="397" />
        <avatar_polygon idx="398" />
        <avatar_polygon idx="399" />
        <avatar_polygon idx="400" />
        <avatar_polygon idx="401" />
        <avatar_polygon idx="403" />
        <avatar_polygon idx="404" />
        <avatar_polygon idx="405" />
        <avatar_polygon idx="406" />
        <avatar_polygon idx="407" />
        <avatar_polygon idx="408" />
        <avatar_polygon idx="409" />
        <avatar_polygon idx="410" />
        <avatar_polygon idx="411" />
        <avatar_polygon idx="413" />
        <avatar_polygon idx="414" />
        <avatar_polygon idx="416" />
        <avatar_polygon idx="419" />
        <avatar_polygon idx="420" />
        <avatar_polygon idx="421" />
        <avatar_polygon idx="422" />
        <avatar_polygon idx="423" />
        <avatar_polygon idx="424" />
        <avatar_polygon idx="425" />
        <avatar_polygon idx="426" />
        <avatar_polygon idx="427" />
        <avatar_polygon idx="428" />
        <avatar_polygon idx="429" />
        <avatar_polygon idx="430" />
        <avatar_polygon idx="432" />
        <avatar_polygon idx="433" />
        <avatar_polygon idx="434" />
        <avatar_polygon idx="435" />
        <avatar_polygon idx="436" />
        <avatar_polygon idx="437" />
        <avatar_polygon idx="438" />
        <avatar_polygon idx="439" />
        <avatar_polygon idx="440" />
        <avatar_polygon idx="441" />
        <avatar_polygon idx="442" />
        <avatar_polygon idx="443" />
        <avatar_polygon idx="444" />
        <avatar_polygon idx="445" />
        <avatar_polygon idx="446" />
        <avatar_polygon idx="447" />
        <avatar_polygon idx="448" />
        <avatar_polygon idx="449" />
        <avatar_polygon idx="450" />
        <avatar_polygon idx="451" />
        <avatar_polygon idx="452" />
        <avatar_polygon idx="453" />
        <avatar_polygon idx="454" />
        <avatar_polygon idx="455" />
        <avatar_polygon idx="456" />
        <avatar_polygon idx="457" />
        <avatar_polygon idx="458" />
        <avatar_polygon idx="459" />
        <avatar_polygon idx="460" />
        <avatar_polygon idx="461" />
        <avatar_polygon idx="462" />
        <avatar_polygon idx="463" />
        <avatar_polygon idx="464" />
        <avatar_polygon idx="465" />
        <avatar_polygon idx="466" />
        <avatar_polygon idx="467" />
        <avatar_polygon idx="468" />
        <avatar_polygon idx="469" />
        <avatar_polygon idx="470" />
        <avatar_polygon idx="471" />
        <avatar_polygon idx="472" />
        <avatar_polygon idx="473" />
        <avatar_polygon idx="474" />
        <avatar_polygon idx="475" />
        <avatar_polygon idx="476" />
        <avatar_polygon idx="477" />
        <avatar_polygon idx="478" />
        <avatar_polygon idx="479" />
        <avatar_polygon idx="481" />
        <avatar_polygon idx="482" />
        <avatar_polygon idx="483" />
        <avatar_polygon idx="484" />
        <avatar_polygon idx="485" />
        <avatar_polygon idx="486" />
        <avatar_polygon idx="487" />
        <avatar_polygon idx="488" />
        <avatar_polygon idx="489" />
        <avatar_polygon idx="490" />
        <avatar_polygon idx="491" />
        <avatar_polygon idx="492" />
        <avatar_polygon idx="493" />
        <avatar_polygon idx="494" />
        <avatar_polygon idx="495" />
        <avatar_polygon idx="496" />
        <avatar_polygon idx="497" />
        <avatar_polygon idx="498" />
        <avatar_polygon idx="499" />
        <avatar_polygon idx="500" />
        <avatar_polygon idx="501" />
        <avatar_polygon idx="502" />
        <avatar_polygon idx="503" />
        <avatar_polygon idx="504" />
        <avatar_polygon idx="505" />
        <avatar_polygon idx="506" />
        <avatar_polygon idx="507" />
        <avatar_polygon idx="508" />
        <avatar_polygon idx="509" />
        <avatar_polygon idx="510" />
        <avatar_polygon idx="511" />
        <avatar_polygon idx="512" />
        <avatar_polygon idx="513" />
        <avatar_polygon idx="514" />
        <avatar_polygon idx="515" />
        <avatar_polygon idx="516" />
        <avatar_polygon idx="518" />
        <avatar_polygon idx="519" />
        <avatar_polygon idx="521" />
        <avatar_polygon idx="524" />
        <avatar_polygon idx="525" />
        <avatar_polygon idx="526" />
        <avatar_polygon idx="527" />
        <avatar_polygon idx="528" />
        <avatar_polygon idx="529" />
        <avatar_polygon idx="530" />
        <avatar_polygon idx="531" />
        <avatar_polygon idx="532" />
        <avatar_polygon idx="533" />
        <avatar_polygon idx="534" />
        <avatar_polygon idx="535" />
        <avatar_polygon idx="536" />
        <avatar_polygon idx="537" />
        <avatar_polygon idx="538" />
        <avatar_polygon idx="539" />
        <avatar_polygon idx="540" />
        <avatar_polygon idx="541" />
        <avatar_polygon idx="542" />
        <avatar_polygon idx="1182" />
        <avatar_polygon idx="1183" />
        <avatar_polygon idx="1184" />
        <avatar_polygon idx="1185" />
        <avatar_polygon idx="1187" />
        <avatar_polygon idx="1188" />
        <avatar_polygon idx="1189" />
        <avatar_polygon idx="1190" />
        <avatar_polygon idx="1191" />
        <avatar_polygon idx="1192" />
        <avatar_polygon idx="1193" />
        <avatar_polygon idx="1194" />
        <avatar_polygon idx="1195" />
        <avatar_polygon idx="1197" />
        <avatar_polygon idx="1198" />
        <avatar_polygon idx="1199" />
        <avatar_polygon idx="1200" />
        <avatar_polygon idx="1201" />
        <avatar_polygon idx="1202" />
        <avatar_polygon idx="1203" />
        <avatar_polygon idx="1204" />
        <avatar_polygon idx="1205" />
        <avatar_polygon idx="1206" />
        <avatar_polygon idx="1207" />
        <avatar_polygon idx="1209" />
        <avatar_polygon idx="1210" />
        <avatar_polygon idx="1212" />
        <avatar_polygon idx="1214" />
        <avatar_polygon idx="1215" />
        <avatar_polygon idx="1216" />
        <avatar_polygon idx="1217" />
        <avatar_polygon idx="1218" />
        <avatar_polygon idx="1219" />
        <avatar_polygon idx="1220" />
        <avatar_polygon idx="1221" />
        <avatar_polygon idx="1223" />
        <avatar_polygon idx="1224" />
        <avatar_polygon idx="1235" />
        <avatar_polygon idx="1236" />
        <avatar_polygon idx="1237" />
        <avatar_polygon idx="1238" />
        <avatar_polygon idx="1255" />
        <avatar_polygon idx="1256" />
        <avatar_polygon idx="1257" />
        <avatar_polygon idx="1258" />
        <avatar_polygon idx="1259" />
        <avatar_polygon idx="1267" />
        <avatar_polygon idx="1268" />
        <avatar_polygon idx="1269" />
        <avatar_polygon idx="1270" />
        <avatar_polygon idx="1271" />
        <avatar_polygon idx="1272" />
        <avatar_polygon idx="1273" />
        <avatar_polygon idx="1274" />
        <avatar_polygon idx="1275" />
        <avatar_polygon idx="1276" />
        <avatar_polygon idx="1279" />
        <avatar_polygon idx="1280" />
        <avatar_polygon idx="1285" />
        <avatar_polygon idx="1286" />
        <avatar_polygon idx="1287" />
        <avatar_polygon idx="1289" />
        <avatar_polygon idx="1290" />
        <avatar_polygon idx="1295" />
        <avatar_polygon idx="1298" />
        <avatar_polygon idx="1300" />
        <avatar_polygon idx="1303" />
        <avatar_polygon idx="1304" />
        <avatar_polygon idx="1305" />
        <avatar_polygon idx="1316" />
        <avatar_polygon idx="1317" />
        <avatar_polygon idx="1321" />
        <avatar_polygon idx="1322" />
        <avatar_polygon idx="1324" />
        <avatar_polygon idx="1325" />
        <avatar_polygon idx="1326" />
        <avatar_polygon idx="1328" />
        <avatar_polygon idx="1329" />
        <avatar_polygon idx="1330" />
        <avatar_polygon idx="1331" />
        <avatar_polygon idx="1332" />
        <avatar_polygon idx="1333" />
        <avatar_polygon idx="1334" />
        <avatar_polygon idx="1335" />
        <avatar_polygon idx="1336" />
        <avatar_polygon idx="1337" />
        <avatar_polygon idx="1338" />
        <avatar_polygon idx="1339" />
        <avatar_polygon idx="1340" />
        <avatar_polygon idx="1341" />
        <avatar_polygon idx="1342" />
        <avatar_polygon idx="1343" />
        <avatar_polygon idx="1344" />
        <avatar_polygon idx="1345" />
        <avatar_polygon idx="1347" />
        <avatar_polygon idx="1348" />
        <avatar_polygon idx="1349" />
        <avatar_polygon idx="1350" />
        <avatar_polygon idx="1351" />
        <avatar_polygon idx="1352" />
        <avatar_polygon idx="1353" />
        <avatar_polygon idx="1354" />
        <avatar_polygon idx="1356" />
        <avatar_polygon idx="1367" />
        <avatar_polygon idx="1368" />
        <avatar_polygon idx="1369" />
        <avatar_polygon idx="1370" />
        <avatar_polygon idx="1371" />
        <avatar_polygon idx="1372" />
        <avatar_polygon idx="1373" />
        <avatar_polygon idx="1374" />
        <avatar_polygon idx="1375" />
        <avatar_polygon idx="1376" />
        <avatar_polygon idx="1377" />
        <avatar_polygon idx="1380" />
        <avatar_polygon idx="1381" />
        <avatar_polygon idx="1384" />
        <avatar_polygon idx="1386" />
        <avatar_polygon idx="1390" />
        <avatar_polygon idx="1397" />
        <avatar_polygon idx="1416" />
        <avatar_polygon idx="1417" />
        <avatar_polygon idx="1418" />
        <avatar_polygon idx="1420" />
        <avatar_polygon idx="1421" />
        <avatar_polygon idx="1426" />
        <avatar_polygon idx="1428" />
        <avatar_polygon idx="1429" />
        <avatar_polygon idx="1430" />
        <avatar_polygon idx="1431" />
        <avatar_polygon idx="1432" />
        <avatar_polygon idx="1434" />
        <avatar_polygon idx="1435" />
        <avatar_polygon idx="1437" />
        <avatar_polygon idx="1438" />
        <avatar_polygon idx="1440" />
        <avatar_polygon idx="1441" />
        <avatar_polygon idx="1442" />
        <avatar_polygon idx="1443" />
        <avatar_polygon idx="1444" />
        <avatar_polygon idx="1445" />
        <avatar_polygon idx="1446" />
        <avatar_polygon idx="1448" />
        <avatar_polygon idx="1449" />
        <avatar_polygon idx="1450" />
        <avatar_polygon idx="1451" />
        <avatar_polygon idx="1452" />
        <avatar_polygon idx="1454" />
        <avatar_polygon idx="1455" />
        <avatar_polygon idx="1456" />
        <avatar_polygon idx="1457" />
        <avatar_polygon idx="1458" />
        <avatar_polygon idx="1459" />
        <avatar_polygon idx="1460" />
        <avatar_polygon idx="1461" />
        <avatar_polygon idx="1462" />
        <avatar_polygon idx="1464" />
        <avatar_polygon idx="1465" />
        <avatar_polygon idx="1466" />
        <avatar_polygon idx="1467" />
        <avatar_polygon idx="1468" />
        <avatar_polygon idx="1469" />
        <avatar_polygon idx="1470" />
        <avatar_polygon idx="1471" />
        <avatar_polygon idx="1472" />
        <avatar_polygon idx="1473" />
        <avatar_polygon idx="1474" />
        <avatar_polygon idx="1475" />
        <avatar_polygon idx="1476" />
        <avatar_polygon idx="1477" />
        <avatar_polygon idx="1478" />
        <avatar_polygon idx="1487" />
        <avatar_polygon idx="1490" />
        <avatar_polygon idx="1491" />
        <avatar_polygon idx="1492" />
        <avatar_polygon idx="1500" />
        <avatar_polygon idx="1501" />
        <avatar_polygon idx="1506" />
        <avatar_polygon idx="1507" />
        <avatar_polygon idx="1508" />
        <avatar_polygon idx="1509" />
        <avatar_polygon idx="1510" />
        <avatar_polygon idx="1511" />
        <avatar_polygon idx="1528" />
        <avatar_polygon idx="1529" />
        <avatar_polygon idx="1530" />
        <avatar_polygon idx="1531" />
        <avatar_polygon idx="1532" />
        <avatar_polygon idx="1536" />
        <avatar_polygon idx="1537" />
        <avatar_polygon idx="1538" />
        <avatar_polygon idx="1539" />
        <avatar_polygon idx="1540" />
        <avatar_polygon idx="1541" />
        <avatar_polygon idx="1542" />
        <avatar_polygon idx="1544" />
        <avatar_polygon idx="1545" />
        <avatar_polygon idx="1546" />
        <avatar_polygon idx="1547" />
        <avatar_polygon idx="1548" />
        <avatar_polygon idx="1549" />
        <avatar_polygon idx="1550" />
        <avatar_polygon idx="1551" />
        <avatar_polygon idx="1552" />
        <avatar_polygon idx="1553" />
        <avatar_polygon idx="1554" />
        <avatar_polygon idx="1555" />
        <avatar_polygon idx="1556" />
        <avatar_polygon idx="1557" />
        <avatar_polygon idx="1558" />
        <avatar_polygon idx="1559" />
        <avatar_polygon idx="1560" />
        <avatar_polygon idx="1561" />
        <avatar_polygon idx="1562" />
        <avatar_polygon idx="1563" />
        <avatar_polygon idx="1564" />
        <avatar_polygon idx="1565" />
        <avatar_polygon idx="1566" />
        <avatar_polygon idx="1567" />
        <avatar_polygon idx="1568" />
        <avatar_polygon idx="1569" />
        <avatar_polygon idx="1570" />
        <avatar_polygon idx="1571" />
        <avatar_polygon idx="1572" />
        <avatar_polygon idx="1573" />
        <avatar_polygon idx="1574" />
        <avatar_polygon idx="1575" />
        <avatar_polygon idx="1576" />
        <avatar_polygon idx="1577" />
        <avatar_polygon idx="1579" />
        <avatar_polygon idx="1580" />
        <avatar_polygon idx="1581" />
        <avatar_polygon idx="1582" />
        <avatar_polygon idx="1583" />
        <avatar_polygon idx="1584" />
        <avatar_polygon idx="1585" />
        <avatar_polygon idx="1586" />
        <avatar_polygon idx="1587" />
        <avatar_polygon idx="1588" />
        <avatar_polygon idx="1589" />
        <avatar_polygon idx="1590" />
        <avatar_polygon idx="1591" />
        <avatar_polygon idx="1592" />
        <avatar_polygon idx="1593" />
        <avatar_polygon idx="1594" />
        <avatar_polygon idx="1595" />
        <avatar_polygon idx="1596" />
        <avatar_polygon idx="1597" />
        <avatar_polygon idx="1598" />
        <avatar_polygon idx="1599" />
        <avatar_polygon idx="1600" />
        <avatar_polygon idx="1601" />
        <avatar_polygon idx="1602" />
        <avatar_polygon idx="1603" />
        <avatar_polygon idx="1604" />
        <avatar_polygon idx="1605" />
        <avatar_polygon idx="1606" />
        <avatar_polygon idx="1607" />
        <avatar_polygon idx="1608" />
        <avatar_polygon idx="1629" />
        <avatar_polygon idx="1630" />
        <avatar_polygon idx="1631" />
        <avatar_polygon idx="1632" />
        <avatar_polygon idx="1633" />
        <avatar_polygon idx="1634" />
        <avatar_polygon idx="1635" />
        <avatar_polygon idx="1636" />
        <avatar_polygon idx="1637" />
        <avatar_polygon idx="1638" />
        <avatar_polygon idx="1640" />
        <avatar_polygon idx="1641" />
        <avatar_polygon idx="1648" />
        <avatar_polygon idx="1649" />
        <avatar_polygon idx="1650" />
        <avatar_polygon idx="1726" />
        <avatar_polygon idx="1727" />
        <avatar_polygon idx="1728" />
        <avatar_polygon idx="1729" />
        <avatar_polygon idx="1730" />
        <avatar_polygon idx="1731" />
        <avatar_polygon idx="1732" />
        <avatar_polygon idx="1733" />
        <avatar_polygon idx="1734" />
        <avatar_polygon idx="1735" />
        <avatar_polygon idx="1736" />
        <avatar_polygon idx="1737" />
        <avatar_polygon idx="1738" />
        <avatar_polygon idx="1739" />
        <avatar_polygon idx="1740" />
        <avatar_polygon idx="1741" />
        <avatar_polygon idx="1742" />
        <avatar_polygon idx="1743" />
        <avatar_polygon idx="1745" />
        <avatar_polygon idx="1746" />
        <avatar_polygon idx="1747" />
        <avatar_polygon idx="1748" />
        <avatar_polygon idx="1749" />
        <avatar_polygon idx="1750" />
        <avatar_polygon idx="1751" />
        <avatar_polygon idx="1752" />
        <avatar_polygon idx="1753" />
        <avatar_polygon idx="1754" />
        <avatar_polygon idx="1755" />
        <avatar_polygon idx="1756" />
        <avatar_polygon idx="1757" />
        <avatar_polygon idx="1758" />
        <avatar_polygon idx="1759" />
        <avatar_polygon idx="1760" />
        <avatar_polygon idx="1761" />
        <avatar_polygon idx="1762" />
        <avatar_polygon idx="1763" />
        <avatar_polygon idx="1764" />
        <avatar_polygon idx="1765" />
        <avatar_polygon idx="1766" />
        <avatar_polygon idx="1767" />
        <avatar_polygon idx="1768" />
        <avatar_polygon idx="1769" />
        <avatar_polygon idx="1770" />
        <avatar_polygon idx="1771" />
        <avatar_polygon idx="1773" />
        <avatar_polygon idx="1775" />
        <avatar_polygon idx="1776" />
        <avatar_polygon idx="1777" />
        <avatar_polygon idx="1778" />
        <avatar_polygon idx="1779" />
        <avatar_polygon idx="1780" />
        <avatar_polygon idx="1781" />
        <avatar_polygon idx="1782" />
        <avatar_polygon idx="1783" />
        <avatar_polygon idx="1784" />
        <avatar_polygon idx="1785" />
        <avatar_polygon idx="1786" />
        <avatar_polygon idx="1787" />
        <avatar_polygon idx="1788" />
        <avatar_polygon idx="1789" />
        <avatar_polygon idx="1790" />
        <avatar_polygon idx="1791" />
        <avatar_polygon idx="1792" />
        <avatar_polygon idx="1793" />
        <avatar_polygon idx="1794" />
        <avatar_polygon idx="1795" />
        <avatar_polygon idx="1797" />
        <avatar_polygon idx="1802" />
        <avatar_polygon idx="1803" />
        <avatar_polygon idx="1804" />
        <avatar_polygon idx="1805" />
        <avatar_polygon idx="1806" />
        <avatar_polygon idx="1807" />
        <avatar_polygon idx="1808" />
        <avatar_polygon idx="1809" />
        <avatar_polygon idx="1810" />
        <avatar_polygon idx="1811" />
        <avatar_polygon idx="1812" />
        <avatar_polygon idx="1813" />
        <avatar_polygon idx="1814" />
        <avatar_polygon idx="1815" />
        <avatar_polygon idx="1816" />
        <avatar_polygon idx="1817" />
        <avatar_polygon idx="1818" />
        <avatar_polygon idx="1820" />
        <avatar_polygon idx="1822" />
        <avatar_polygon idx="1823" />
        <avatar_polygon idx="1824" />
        <avatar_polygon idx="1825" />
        <avatar_polygon idx="1826" />
        <avatar_polygon idx="1827" />
        <avatar_polygon idx="1828" />
        <avatar_polygon idx="1829" />
        <avatar_polygon idx="1830" />
        <avatar_polygon idx="1832" />
        <avatar_polygon idx="1833" />
        <avatar_polygon idx="1836" />
        <avatar_polygon idx="1837" />
        <avatar_polygon idx="1840" />
        <avatar_polygon idx="1841" />
        <avatar_polygon idx="1842" />
        <avatar_polygon idx="1843" />
        <avatar_polygon idx="1844" />
        <avatar_polygon idx="1845" />
        <avatar_polygon idx="1846" />
        <avatar_polygon idx="1847" />
        <avatar_polygon idx="1848" />
        <avatar_polygon idx="1849" />
        <avatar_polygon idx="1850" />
        <avatar_polygon idx="1851" />
        <avatar_polygon idx="1852" />
        <avatar_polygon idx="1854" />
        <avatar_polygon idx="1855" />
        <avatar_polygon idx="1856" />
        <avatar_polygon idx="1857" />
        <avatar_polygon idx="1858" />
        <avatar_polygon idx="1859" />
        <avatar_polygon idx="1860" />
        <avatar_polygon idx="1861" />
        <avatar_polygon idx="1862" />
        <avatar_polygon idx="1863" />
        <avatar_polygon idx="1864" />
        <avatar_polygon idx="1865" />
        <avatar_polygon idx="1866" />
        <avatar_polygon idx="1867" />
        <avatar_polygon idx="1868" />
        <avatar_polygon idx="1869" />
        <avatar_polygon idx="1870" />
        <avatar_polygon idx="1871" />
        <avatar_polygon idx="1872" />
        <avatar_polygon idx="1873" />
        <avatar_polygon idx="1874" />
        <avatar_polygon idx="1875" />
        <avatar_polygon idx="1876" />
        <avatar_polygon idx="1877" />
        <avatar_polygon idx="1878" />
        <avatar_polygon idx="1879" />
        <avatar_polygon idx="1880" />
        <avatar_polygon idx="1881" />
        <avatar_polygon idx="1882" />
        <avatar_polygon idx="1883" />
        <avatar_polygon idx="1884" />
        <avatar_polygon idx="1885" />
        <avatar_polygon idx="1886" />
        <avatar_polygon idx="1887" />
        <avatar_polygon idx="1888" />
        <avatar_polygon idx="1889" />
        <avatar_polygon idx="1890" />
        <avatar_polygon idx="1891" />
        <avatar_polygon idx="1892" />
        <avatar_polygon idx="1893" />
        <avatar_polygon idx="1894" />
        <avatar_polygon idx="1895" />
        <avatar_polygon idx="1896" />
        <avatar_polygon idx="1897" />
        <avatar_polygon idx="1898" />
        <avatar_polygon idx="1899" />
        <avatar_polygon idx="1900" />
        <avatar_polygon idx="1902" />
        <avatar_polygon idx="1903" />
        <avatar_polygon idx="1904" />
        <avatar_polygon idx="1905" />
        <avatar_polygon idx="1906" />
        <avatar_polygon idx="1907" />
        <avatar_polygon idx="1908" />
        <avatar_polygon idx="1909" />
        <avatar_polygon idx="1910" />
        <avatar_polygon idx="1911" />
        <avatar_polygon idx="1912" />
        <avatar_polygon idx="1913" />
        <avatar_polygon idx="1914" />
        <avatar_polygon idx="1915" />
        <avatar_polygon idx="1916" />
        <avatar_polygon idx="1917" />
        <avatar_polygon idx="1918" />
        <avatar_polygon idx="1919" />
        <avatar_polygon idx="1920" />
        <avatar_polygon idx="1921" />
        <avatar_polygon idx="1922" />
        <avatar_polygon idx="1923" />
        <avatar_polygon idx="1924" />
        <avatar_polygon idx="1925" />
        <avatar_polygon idx="1926" />
        <avatar_polygon idx="1927" />
        <avatar_polygon idx="1928" />
        <avatar_polygon idx="1929" />
        <avatar_polygon idx="1930" />
        <avatar_polygon idx="1931" />
        <avatar_polygon idx="1932" />
        <avatar_polygon idx="1933" />
        <avatar_polygon idx="1934" />
        <avatar_polygon idx="1935" />
        <avatar_polygon idx="1936" />
        <avatar_polygon idx="1937" />
        <avatar_polygon idx="1939" />
        <avatar_polygon idx="1940" />
        <avatar_polygon idx="1944" />
        <avatar_polygon idx="1945" />
        <avatar_polygon idx="1946" />
        <avatar_polygon idx="1947" />
        <avatar_polygon idx="1948" />
        <avatar_polygon idx="1949" />
        <avatar_polygon idx="1950" />
        <avatar_polygon idx="1951" />
        <avatar_polygon idx="1952" />
        <avatar_polygon idx="1953" />
        <avatar_polygon idx="1954" />
        <avatar_polygon idx="1955" />
        <avatar_polygon idx="1956" />
        <avatar_polygon idx="1957" />
        <avatar_polygon idx="1958" />
        <avatar_polygon idx="1959" />
        <avatar_polygon idx="1960" />
        <avatar_polygon idx="1961" />
        <avatar_polygon idx="1963" />
        <avatar_polygon idx="2602" />
        <avatar_polygon idx="2603" />
        <avatar_polygon idx="2604" />
        <avatar_polygon idx="2605" />
        <avatar_polygon idx="2606" />
        <avatar_polygon idx="2607" />
        <avatar_polygon idx="2609" />
        <avatar_polygon idx="2610" />
        <avatar_polygon idx="2611" />
        <avatar_polygon idx="2612" />
        <avatar_polygon idx="2613" />
        <avatar_polygon idx="2615" />
        <avatar_polygon idx="2616" />
        <avatar_polygon idx="2617" />
        <avatar_polygon idx="2618" />
        <avatar_polygon idx="2619" />
        <avatar_polygon idx="2620" />
        <avatar_polygon idx="2621" />
        <avatar_polygon idx="2622" />
        <avatar_polygon idx="2623" />
        <avatar_polygon idx="2624" />
        <avatar_polygon idx="2625" />
        <avatar_polygon idx="2626" />
        <avatar_polygon idx="2627" />
        <avatar_polygon idx="2628" />
        <avatar_polygon idx="2629" />
        <avatar_polygon idx="2630" />
        <avatar_polygon idx="2632" />
        <avatar_polygon idx="2633" />
        <avatar_polygon idx="2634" />
        <avatar_polygon idx="2636" />
        <avatar_polygon idx="2637" />
        <avatar_polygon idx="2638" />
        <avatar_polygon idx="2639" />
        <avatar_polygon idx="2640" />
        <avatar_polygon idx="2641" />
        <avatar_polygon idx="2642" />
        <avatar_polygon idx="2643" />
        <avatar_polygon idx="2644" />
        <avatar_polygon idx="2653" />
        <avatar_polygon idx="2654" />
        <avatar_polygon idx="2655" />
        <avatar_polygon idx="2671" />
        <avatar_polygon idx="2672" />
        <avatar_polygon idx="2673" />
        <avatar_polygon idx="2674" />
        <avatar_polygon idx="2682" />
        <avatar_polygon idx="2683" />
        <avatar_polygon idx="2684" />
        <avatar_polygon idx="2685" />
        <avatar_polygon idx="2686" />
        <avatar_polygon idx="2687" />
        <avatar_polygon idx="2688" />
        <avatar_polygon idx="2689" />
        <avatar_polygon idx="2690" />
        <avatar_polygon idx="2691" />
        <avatar_polygon idx="2694" />
        <avatar_polygon idx="2695" />
        <avatar_polygon idx="2700" />
        <avatar_polygon idx="2701" />
        <avatar_polygon idx="2702" />
        <avatar_polygon idx="2715" />
        <avatar_polygon idx="2716" />
        <avatar_polygon idx="2719" />
        <avatar_polygon idx="2721" />
        <avatar_polygon idx="2722" />
        <avatar_polygon idx="2723" />
        <avatar_polygon idx="2724" />
        <avatar_polygon idx="2726" />
        <avatar_polygon idx="2728" />
        <avatar_polygon idx="2729" />
        <avatar_polygon idx="2730" />
        <avatar_polygon idx="2731" />
        <avatar_polygon idx="2732" />
        <avatar_polygon idx="2733" />
        <avatar_polygon idx="2734" />
        <avatar_polygon idx="2735" />
        <avatar_polygon idx="2736" />
        <avatar_polygon idx="2737" />
        <avatar_polygon idx="2738" />
        <avatar_polygon idx="2739" />
        <avatar_polygon idx="2740" />
        <avatar_polygon idx="2741" />
        <avatar_polygon idx="2742" />
        <avatar_polygon idx="2743" />
        <avatar_polygon idx="2744" />
        <avatar_polygon idx="2745" />
        <avatar_polygon idx="2746" />
        <avatar_polygon idx="2748" />
        <avatar_polygon idx="2749" />
        <avatar_polygon idx="2750" />
        <avatar_polygon idx="2751" />
        <avatar_polygon idx="2752" />
        <avatar_polygon idx="2753" />
        <avatar_polygon idx="2754" />
        <avatar_polygon idx="2763" />
        <avatar_polygon idx="2766" />
        <avatar_polygon idx="2767" />
        <avatar_polygon idx="2768" />
        <avatar_polygon idx="2769" />
        <avatar_polygon idx="2770" />
        <avatar_polygon idx="2771" />
        <avatar_polygon idx="2772" />
        <avatar_polygon idx="2773" />
        <avatar_polygon idx="2774" />
        <avatar_polygon idx="2775" />
        <avatar_polygon idx="2776" />
        <avatar_polygon idx="2777" />
        <avatar_polygon idx="2780" />
        <avatar_polygon idx="2781" />
        <avatar_polygon idx="2784" />
        <avatar_polygon idx="2811" />
        <avatar_polygon idx="2812" />
        <avatar_polygon idx="2813" />
        <avatar_polygon idx="2815" />
    </avatar>
</attachment>
